"Riga Excel";"FONDO";"Comune";"Provincia";"Indirizzo";"Destinazione";"Sup. lorda dichiarata (mq)";"1 - Prezzo richiesto file";"1b - Prezzo annuncio pubblico";"2 - Valore teorico mercato";"Blocco plausibilita";"3 - RIVENDITA ENTRO 12 MESI";"Metodo";"Coefficiente realizzo";"Affidabilita";"Motivazione";"Avvisi";"EUR/mq mercato";"EUR/mq min OMI";"EUR/mq max OMI";"Zona OMI";"Descrizione zona OMI";"Semestre OMI";"Tipologia OMI";"Stato conservativo OMI";"Fonte valore di mercato";"URL fonte";"Data fonte"
"8";"FAB";"Romano di Lombardia";"BG";"Via del Commercio 7";"Uffici";"346";;;;"";;"nessuno";"0,5695";"STIMA NON AFFIDABILE - DATI INSUFFICIENTI";"Mancano il prezzo richiesto nel file e una quotazione di mercato applicabile: non e possibile determinare un prezzo di rivendita realistico entro 12 mesi. L'OMI non pubblica quotazioni per la destinazione Terziaria nella zona D2 (ZONA PERIFERICA) del comune di Romano di Lombardia, semestre 2025 - semestre 2.";"";;;;"D2";"ZONA PERIFERICA";"2025-2";"";"";"";"https://www1.agenziaentrate.gov.it/servizi/geopoi_omi/stampaomi.php?H509/BG00009088/20252/T/D2/0/0";""
"9";"FAB";"Monzuno";"BO";"Fraz. Vado - Località Murazze Via Casaglia - podere agricolo Casone";"Terreni agricoli";"89311";"30000";"44000";"44000";"SI";"17085";"realizzo-su-prezzo-richiesto";"0,5695";"ALTA";"Prezzo di rivendita realistico entro 12 mesi. Base: il piu basso fra i prezzi ai quali l'immobile e gia offerto senza essersi venduto (asking price del file 30.000 EUR ; prezzo dell'annuncio pubblico 44.000 EUR), cioe 30.000 EUR. Su questo si applica il coefficiente di realizzo del 57%, misurato sulle 9 righe del file che indicano sia l'asking price sia il prezzo a cui l'immobile si vende (intervallo osservato 33%-85%, mediana 59%). Risultato: 17.085 EUR.";"BLOCCO DI PLAUSIBILITA': il valore teorico di mercato (44.000 EUR) supera il prezzo a cui l'immobile e gia offerto senza essersi venduto (30.000 EUR). Non viene usato: servirebbero comparabili recenti, realmente simili, a prezzi superiori. La stima e ricondotta al valore prudenziale. | Terreno: l'OMI non pubblica quotazioni per i terreni e il mercato e poco liquido. Una vendita entro 12 mesi non e scontata. | Sul mercato l'immobile e offerto a 44.000 EUR, cioe il 147% dell'asking price del file, e non risulta venduto. | Il valore e un prezzo RICHIESTO, non un prezzo di vendita concluso: il realizzo effettivo sara di norma inferiore per effetto della trattativa.";"0,49";;;"B1";"CAPOLUOGO E FRAZIONE SELVE";"2025-2";"";"";"Immobiliare.it - annuncio di vendita dello stesso immobile, pubblicato da iQera Italia SPA";"https://www.immobiliare.it/annunci/97331910/";"2026-09-09"
"10";"FAB";"Brescia";"BS";"Via Trento 9";"Commerciale";"174,64999999999998";"160000";;"266341";"SI";"91120";"realizzo-su-prezzo-richiesto";"0,5695";"MEDIA";"Prezzo di rivendita realistico entro 12 mesi. Base: il piu basso fra i prezzi ai quali l'immobile e gia offerto senza essersi venduto (asking price del file 160.000 EUR), cioe 160.000 EUR. Su questo si applica il coefficiente di realizzo del 57%, misurato sulle 9 righe del file che indicano sia l'asking price sia il prezzo a cui l'immobile si vende (intervallo osservato 33%-85%, mediana 59%). Risultato: 91.120 EUR.";"BLOCCO DI PLAUSIBILITA': il valore teorico di mercato (266.341 EUR) supera il prezzo a cui l'immobile e gia offerto senza essersi venduto (160.000 EUR). Non viene usato: servirebbero comparabili recenti, realmente simili, a prezzi superiori. La stima e ricondotta al valore prudenziale.";"1525";"1300";"1750";"C1";"VIA VENETO, VIA CROCIFISSA DI ROSA, OSPEDALE, MOMPIANO";"2025-2";"Negozi";"NORMALE";"Agenzia delle Entrate - Osservatorio del Mercato Immobiliare (OMI) - 2025 - semestre 2";"https://www1.agenziaentrate.gov.it/servizi/geopoi_omi/stampaomi.php?B157/BS00000065/20252/C/C1/0/0";"2025-2"
"11";"FAB";"Cento";"FE";"Via Ghisellini";"Residenziale";"2517,9900000000002";"420000";"675000";"675000";"SI";"239190";"realizzo-su-prezzo-richiesto";"0,5695";"ALTA";"Prezzo di rivendita realistico entro 12 mesi. Base: il piu basso fra i prezzi ai quali l'immobile e gia offerto senza essersi venduto (asking price del file 420.000 EUR ; prezzo dell'annuncio pubblico 675.000 EUR), cioe 420.000 EUR. Su questo si applica il coefficiente di realizzo del 57%, misurato sulle 9 righe del file che indicano sia l'asking price sia il prezzo a cui l'immobile si vende (intervallo osservato 33%-85%, mediana 59%). Risultato: 239.190 EUR.";"BLOCCO DI PLAUSIBILITA': il valore teorico di mercato (675.000 EUR) supera il prezzo a cui l'immobile e gia offerto senza essersi venduto (420.000 EUR). Non viene usato: servirebbero comparabili recenti, realmente simili, a prezzi superiori. La stima e ricondotta al valore prudenziale. | Sul mercato l'immobile e offerto a 675.000 EUR, cioe il 161% dell'asking price del file, e non risulta venduto. | Il valore e un prezzo RICHIESTO, non un prezzo di vendita concluso: il realizzo effettivo sara di norma inferiore per effetto della trattativa. | Annuncio: tre palazzine in corso di costruzione (839 mq ciascuna, 11 appartamenti e 11 box per palazzina); una sola ha platea e tre pilastri. Superficie annuncio 3.177 mq contro 2.518 mq del file.";"268,07";;;"R1";"ZONA RURALE E FRAZIONI MINORI";"2025-2";"";"";"Immobiliare.it - annuncio di vendita dello stesso immobile, pubblicato da iQera Italia SPA";"https://www.immobiliare.it/annunci/97331912/";"2026-09-09"
"12";"FAB";"Ferrara";"FE";"Via Centoversuri n.24 int.2";"Residenziale";"326";"110000";;;"";"62645";"realizzo-su-prezzo-richiesto";"0,5695";"BASSA";"Prezzo di rivendita realistico entro 12 mesi. Base: il piu basso fra i prezzi ai quali l'immobile e gia offerto senza essersi venduto (asking price del file 110.000 EUR), cioe 110.000 EUR. Su questo si applica il coefficiente di realizzo del 57%, misurato sulle 9 righe del file che indicano sia l'asking price sia il prezzo a cui l'immobile si vende (intervallo osservato 33%-85%, mediana 59%). Risultato: 62.645 EUR.";"La superficie del file non e compatibile con un fabbricato: nessuna stima per metro quadro e utilizzabile, la valutazione poggia solo sul prezzo richiesto. | Serve la superficie commerciale reale, oppure una stima da comparabili sull immobile specifico.";"1725";"1600";"1850";"B4";"CITTA` ENTRO LE MURA";"2025-2";"Abitazioni civili";"NORMALE";"Agenzia delle Entrate - Osservatorio del Mercato Immobiliare (OMI) - 2025 - semestre 2";"https://www1.agenziaentrate.gov.it/servizi/geopoi_omi/stampaomi.php?D548/FE00001540/20252/R/B4/0/0";"2025-2"
"13";"FAB";"Alatri";"FR";"Via Croci 1";"Residenziale";"2489,5";"130000";;;"";"74035";"realizzo-su-prezzo-richiesto";"0,5695";"BASSA";"Prezzo di rivendita realistico entro 12 mesi. Base: il piu basso fra i prezzi ai quali l'immobile e gia offerto senza essersi venduto (asking price del file 130.000 EUR), cioe 130.000 EUR. Su questo si applica il coefficiente di realizzo del 57%, misurato sulle 9 righe del file che indicano sia l'asking price sia il prezzo a cui l'immobile si vende (intervallo osservato 33%-85%, mediana 59%). Risultato: 74.035 EUR.";"La superficie del file non e compatibile con un fabbricato: nessuna stima per metro quadro e utilizzabile, la valutazione poggia solo sul prezzo richiesto. | Serve la superficie commerciale reale, oppure una stima da comparabili sull immobile specifico.";"725";"610";"840";"B1";"AGGL.URB.DELIMITATO DALLE MURA MEGALITICHE (V.ROMA,C.";"2025-2";"Abitazioni civili";"NORMALE";"Agenzia delle Entrate - Osservatorio del Mercato Immobiliare (OMI) - 2025 - semestre 2";"https://www1.agenziaentrate.gov.it/servizi/geopoi_omi/stampaomi.php?A123/FR00000051/20252/R/B1/0/0";"2025-2"
"14";"FAB";"Ceccano";"FR";"Loc. Colle Alto (FR)";"Terreni agricoli";"13295";"12000";;;"";"6834";"realizzo-su-prezzo-richiesto";"0,5695";"BASSA";"Prezzo di rivendita realistico entro 12 mesi. Base: il piu basso fra i prezzi ai quali l'immobile e gia offerto senza essersi venduto (asking price del file 12.000 EUR), cioe 12.000 EUR. Su questo si applica il coefficiente di realizzo del 57%, misurato sulle 9 righe del file che indicano sia l'asking price sia il prezzo a cui l'immobile si vende (intervallo osservato 33%-85%, mediana 59%). Risultato: 6.834 EUR.";"Terreno: l'OMI non pubblica quotazioni per i terreni e il mercato e poco liquido. Una vendita entro 12 mesi non e scontata. | Serve una stima da comparabili di mercato o da fonte specifica per la tipologia.";;;;"B1";"P.BERARDI,V.PURGATORIO,V.PRINC.UMBERTO,BG.S.MARTINO,V.S.PIETRO,V.MADONNA DEGLI ANGELI,V.CAVOUR,P.CASTELLO";"2025-2";"";"";"";"";""
"15";"FAB";"Ferentino";"FR";"loc. Bagnatore";"Terreni agricoli";"2600";"6500";;;"";"3702";"realizzo-su-prezzo-richiesto";"0,5695";"BASSA";"Prezzo di rivendita realistico entro 12 mesi. Base: il piu basso fra i prezzi ai quali l'immobile e gia offerto senza essersi venduto (asking price del file 6.500 EUR), cioe 6.500 EUR. Su questo si applica il coefficiente di realizzo del 57%, misurato sulle 9 righe del file che indicano sia l'asking price sia il prezzo a cui l'immobile si vende (intervallo osservato 33%-85%, mediana 59%). Risultato: 3.702 EUR.";"Terreno: l'OMI non pubblica quotazioni per i terreni e il mercato e poco liquido. Una vendita entro 12 mesi non e scontata. | Serve una stima da comparabili di mercato o da fonte specifica per la tipologia.";;;;"D1";"ACQUAFORTE,GROTTICELLE,MACERONI,BUFALA,S.CATERINA,COLLE ROSA,PANTANO S.ANTONIO";"2025-2";"";"";"";"";""
"16";"FAB";"Ferentino";"FR";"Via Giovine Tofe Morolo n.ro 237";"Residenziale";"4625";"62000";;;"";"35309";"realizzo-su-prezzo-richiesto";"0,5695";"BASSA";"Prezzo di rivendita realistico entro 12 mesi. Base: il piu basso fra i prezzi ai quali l'immobile e gia offerto senza essersi venduto (asking price del file 62.000 EUR), cioe 62.000 EUR. Su questo si applica il coefficiente di realizzo del 57%, misurato sulle 9 righe del file che indicano sia l'asking price sia il prezzo a cui l'immobile si vende (intervallo osservato 33%-85%, mediana 59%). Risultato: 35.309 EUR.";"Immobile occupato: lo stato occupazionale allunga i tempi e riduce il prezzo realizzabile. | La superficie del file non e compatibile con un fabbricato: nessuna stima per metro quadro e utilizzabile, la valutazione poggia solo sul prezzo richiesto. | Immobile occupato: lo stato occupazionale riduce il prezzo realizzabile e allunga i tempi; la quotazione OMI si riferisce a immobile libero. | Serve la superficie commerciale reale, oppure una stima da comparabili sull immobile specifico.";"685";"580";"790";"B1";"V.ANTICA ACROPOLI,V.20 SETTEMBRE,P.UMBERTO I,V.DIONIGI,P.MAZZINI,V.REG. MARGHERITA";"2025-2";"Abitazioni civili";"NORMALE";"Agenzia delle Entrate - Osservatorio del Mercato Immobiliare (OMI) - 2025 - semestre 2";"https://www1.agenziaentrate.gov.it/servizi/geopoi_omi/stampaomi.php?D539/FR00000212/20252/R/B1/0/0";"2025-2"
"17";"FAB";"Ripi";"FR";"Via Succurre Miseris 48";"Residenziale";"1173";"85000";;;"";"48408";"realizzo-su-prezzo-richiesto";"0,5695";"BASSA";"Prezzo di rivendita realistico entro 12 mesi. Base: il piu basso fra i prezzi ai quali l'immobile e gia offerto senza essersi venduto (asking price del file 85.000 EUR), cioe 85.000 EUR. Su questo si applica il coefficiente di realizzo del 57%, misurato sulle 9 righe del file che indicano sia l'asking price sia il prezzo a cui l'immobile si vende (intervallo osservato 33%-85%, mediana 59%). Risultato: 48.408 EUR.";"Immobile occupato: lo stato occupazionale allunga i tempi e riduce il prezzo realizzabile. | La superficie del file non e compatibile con un fabbricato: nessuna stima per metro quadro e utilizzabile, la valutazione poggia solo sul prezzo richiesto. | Immobile occupato: lo stato occupazionale riduce il prezzo realizzabile e allunga i tempi; la quotazione OMI si riferisce a immobile libero. | Serve la superficie commerciale reale, oppure una stima da comparabili sull immobile specifico.";"542,5";"435";"650";"D3";"SELVAPIANA,SUCCURRE MISERIS,V.DELLO STATUTO,MERINGO ALTO,CUPERA,BG.S.TOMMASO";"2025-2";"Abitazioni civili";"NORMALE";"Agenzia delle Entrate - Osservatorio del Mercato Immobiliare (OMI) - 2025 - semestre 2";"https://www1.agenziaentrate.gov.it/servizi/geopoi_omi/stampaomi.php?H324/FR00001769/20252/R/D3/0/0";"2025-2"
"18";"FAB";"Veroli";"FR";"Lotto 4 - Sub. 6";"Residenziale";"230";"55000";;"156400";"SI";"31322";"realizzo-su-prezzo-richiesto";"0,5695";"BASSA";"Prezzo di rivendita realistico entro 12 mesi. Base: il piu basso fra i prezzi ai quali l'immobile e gia offerto senza essersi venduto (asking price del file 55.000 EUR), cioe 55.000 EUR. Su questo si applica il coefficiente di realizzo del 57%, misurato sulle 9 righe del file che indicano sia l'asking price sia il prezzo a cui l'immobile si vende (intervallo osservato 33%-85%, mediana 59%). Risultato: 31.322 EUR.";"BLOCCO DI PLAUSIBILITA': il valore teorico di mercato (156.400 EUR) supera il prezzo a cui l'immobile e gia offerto senza essersi venduto (55.000 EUR). Non viene usato: servirebbero comparabili recenti, realmente simili, a prezzi superiori. La stima e ricondotta al valore prudenziale. | Il prezzo richiesto implica 239 EUR/mq, pari al 43% del minimo OMI di zona: verificare la superficie commerciale e lo stato dell'immobile.";"680";"560";"800";"B1";"P.DUOMO,P.UNITA,V.CASTELLO,P.SELLE,P.BISLETI,V.MARTELLO,V.UMBERTO,V.VITT.EMANUELE,V.GRACILIA,V.PALEARIO,V.CIOLFI,";"2025-2";"Abitazioni civili";"NORMALE";"Agenzia delle Entrate - Osservatorio del Mercato Immobiliare (OMI) - 2025 - semestre 2";"https://www1.agenziaentrate.gov.it/servizi/geopoi_omi/stampaomi.php?L780/FR00000406/20252/R/B1/0/0";"2025-2"
"19";"FAB";"Veroli";"FR";"Lotto 3 - Sub. 5";"Residenziale";"579";"90000";;;"";"51255";"realizzo-su-prezzo-richiesto";"0,5695";"BASSA";"Prezzo di rivendita realistico entro 12 mesi. Base: il piu basso fra i prezzi ai quali l'immobile e gia offerto senza essersi venduto (asking price del file 90.000 EUR), cioe 90.000 EUR. Su questo si applica il coefficiente di realizzo del 57%, misurato sulle 9 righe del file che indicano sia l'asking price sia il prezzo a cui l'immobile si vende (intervallo osservato 33%-85%, mediana 59%). Risultato: 51.255 EUR.";"La superficie del file non e compatibile con un fabbricato: nessuna stima per metro quadro e utilizzabile, la valutazione poggia solo sul prezzo richiesto. | Serve la superficie commerciale reale, oppure una stima da comparabili sull immobile specifico.";"680";"560";"800";"B1";"P.DUOMO,P.UNITA,V.CASTELLO,P.SELLE,P.BISLETI,V.MARTELLO,V.UMBERTO,V.VITT.EMANUELE,V.GRACILIA,V.PALEARIO,V.CIOLFI,";"2025-2";"Abitazioni civili";"NORMALE";"Agenzia delle Entrate - Osservatorio del Mercato Immobiliare (OMI) - 2025 - semestre 2";"https://www1.agenziaentrate.gov.it/servizi/geopoi_omi/stampaomi.php?L780/FR00000406/20252/R/B1/0/0";"2025-2"
"20";"FAB";"Veroli";"FR";"Lotto 2 - Sub. 4";"Residenziale";"162";"58000";;"110160";"SI";"33031";"realizzo-su-prezzo-richiesto";"0,5695";"BASSA";"Prezzo di rivendita realistico entro 12 mesi. Base: il piu basso fra i prezzi ai quali l'immobile e gia offerto senza essersi venduto (asking price del file 58.000 EUR), cioe 58.000 EUR. Su questo si applica il coefficiente di realizzo del 57%, misurato sulle 9 righe del file che indicano sia l'asking price sia il prezzo a cui l'immobile si vende (intervallo osservato 33%-85%, mediana 59%). Risultato: 33.031 EUR.";"BLOCCO DI PLAUSIBILITA': il valore teorico di mercato (110.160 EUR) supera il prezzo a cui l'immobile e gia offerto senza essersi venduto (58.000 EUR). Non viene usato: servirebbero comparabili recenti, realmente simili, a prezzi superiori. La stima e ricondotta al valore prudenziale.";"680";"560";"800";"B1";"P.DUOMO,P.UNITA,V.CASTELLO,P.SELLE,P.BISLETI,V.MARTELLO,V.UMBERTO,V.VITT.EMANUELE,V.GRACILIA,V.PALEARIO,V.CIOLFI,";"2025-2";"Abitazioni civili";"NORMALE";"Agenzia delle Entrate - Osservatorio del Mercato Immobiliare (OMI) - 2025 - semestre 2";"https://www1.agenziaentrate.gov.it/servizi/geopoi_omi/stampaomi.php?L780/FR00000406/20252/R/B1/0/0";"2025-2"
"21";"FAB";"Veroli";"FR";"Via Casalotto";"Residenziale";"971";;;"660280";"";;"nessuno";"0,5695";"STIMA NON AFFIDABILE - DATI INSUFFICIENTI";"Prezzo di rivendita realistico entro 12 mesi. Il valore di mercato (660.280 EUR) e gia inferiore al valore prudenziale ricavato dal prezzo richiesto: si adotta il piu basso dei due. Quotazione OMI del comune di Veroli, zona B1 (P.DUOMO,P.UNITA,V.CASTELLO,P.SELLE,P.BISLETI,V.MARTELLO,V.UMBERTO,V.VITT.EMANUELE,V.GRACILIA,V.PALEARIO,V.CIOLFI,), fascia B, destinazione Residenziale, tipologia 'Abitazioni civili', stato conservativo 'NORMALE' (normale): 560-800 EUR/mq su superficie lorda. Valore centrale 680 EUR/mq x 971 mq lordi.";"";"680";"560";"800";"B1";"P.DUOMO,P.UNITA,V.CASTELLO,P.SELLE,P.BISLETI,V.MARTELLO,V.UMBERTO,V.VITT.EMANUELE,V.GRACILIA,V.PALEARIO,V.CIOLFI,";"2025-2";"Abitazioni civili";"NORMALE";"Agenzia delle Entrate - Osservatorio del Mercato Immobiliare (OMI) - 2025 - semestre 2";"https://www1.agenziaentrate.gov.it/servizi/geopoi_omi/stampaomi.php?L780/FR00000406/20252/R/B1/0/0";"2025-2"
"22";"FAB";"Veroli";"FR";"Via Colle Ciaffone 56";"Logistico/Produttivo";"2965";"45000";"65000";"65000";"SI";"25628";"realizzo-su-prezzo-richiesto";"0,5695";"ALTA";"Prezzo di rivendita realistico entro 12 mesi. Base: il piu basso fra i prezzi ai quali l'immobile e gia offerto senza essersi venduto (asking price del file 45.000 EUR ; prezzo dell'annuncio pubblico 65.000 EUR), cioe 45.000 EUR. Su questo si applica il coefficiente di realizzo del 57%, misurato sulle 9 righe del file che indicano sia l'asking price sia il prezzo a cui l'immobile si vende (intervallo osservato 33%-85%, mediana 59%). Risultato: 25.628 EUR.";"BLOCCO DI PLAUSIBILITA': il valore teorico di mercato (65.000 EUR) supera il prezzo a cui l'immobile e gia offerto senza essersi venduto (45.000 EUR). Non viene usato: servirebbero comparabili recenti, realmente simili, a prezzi superiori. La stima e ricondotta al valore prudenziale. | Sul mercato l'immobile e offerto a 65.000 EUR, cioe il 144% dell'asking price del file, e non risulta venduto. | Il valore e un prezzo RICHIESTO, non un prezzo di vendita concluso: il realizzo effettivo sara di norma inferiore per effetto della trattativa.";"21,92";;;"B1";"P.DUOMO,P.UNITA,V.CASTELLO,P.SELLE,P.BISLETI,V.MARTELLO,V.UMBERTO,V.VITT.EMANUELE,V.GRACILIA,V.PALEARIO,V.CIOLFI,";"2025-2";"";"";"Immobiliare.it - annuncio di vendita dello stesso immobile, pubblicato da iQera Italia SPA";"https://www.immobiliare.it/annunci/97355896/";"2026-09-09"
"23";"FAB";"Cormons";"GO";"Via Dante Alighieri";"Commerciale";"800";"500000";;"508000";"SI";"284750";"realizzo-su-prezzo-richiesto";"0,5695";"MEDIA";"Prezzo di rivendita realistico entro 12 mesi. Base: il piu basso fra i prezzi ai quali l'immobile e gia offerto senza essersi venduto (asking price del file 500.000 EUR), cioe 500.000 EUR. Su questo si applica il coefficiente di realizzo del 57%, misurato sulle 9 righe del file che indicano sia l'asking price sia il prezzo a cui l'immobile si vende (intervallo osservato 33%-85%, mediana 59%). Risultato: 284.750 EUR.";"BLOCCO DI PLAUSIBILITA': il valore teorico di mercato (508.000 EUR) supera il prezzo a cui l'immobile e gia offerto senza essersi venduto (500.000 EUR). Non viene usato: servirebbero comparabili recenti, realmente simili, a prezzi superiori. La stima e ricondotta al valore prudenziale. | Immobile locato: lo stato occupazionale allunga i tempi e riduce il prezzo realizzabile. | Immobile locato: lo stato occupazionale riduce il prezzo realizzabile e allunga i tempi; la quotazione OMI si riferisce a immobile libero.";"635";"540";"730";"B1";"CAPOLUOGO - CENTRO ABITATO";"2025-2";"Negozi";"NORMALE";"Agenzia delle Entrate - Osservatorio del Mercato Immobiliare (OMI) - 2025 - semestre 2";"https://www1.agenziaentrate.gov.it/servizi/geopoi_omi/stampaomi.php?D014/GO00000043/20252/C/B1/0/0";"2025-2"
"24";"FAB";"Mirandola";"MO";"Loc. Gavello  Via Davanti n. 18";"Terreni agricoli";"10581";"28000";;;"";"15946";"realizzo-su-prezzo-richiesto";"0,5695";"BASSA";"Prezzo di rivendita realistico entro 12 mesi. Base: il piu basso fra i prezzi ai quali l'immobile e gia offerto senza essersi venduto (asking price del file 28.000 EUR), cioe 28.000 EUR. Su questo si applica il coefficiente di realizzo del 57%, misurato sulle 9 righe del file che indicano sia l'asking price sia il prezzo a cui l'immobile si vende (intervallo osservato 33%-85%, mediana 59%). Risultato: 15.946 EUR.";"Terreno: l'OMI non pubblica quotazioni per i terreni e il mercato e poco liquido. Una vendita entro 12 mesi non e scontata. | Immobile locato: lo stato occupazionale allunga i tempi e riduce il prezzo realizzabile. | Serve una stima da comparabili di mercato o da fonte specifica per la tipologia.";;;;"R2";"ZONA AGRICOLA E LOCALITA` MINORI";"2025-2";"";"";"";"";""
"25";"FAB";"Mirandola";"MO";"Loc. Gavello Via Davanti n. 14";"Terreni agricoli";"10892";"28000";;;"";"15946";"realizzo-su-prezzo-richiesto";"0,5695";"BASSA";"Prezzo di rivendita realistico entro 12 mesi. Base: il piu basso fra i prezzi ai quali l'immobile e gia offerto senza essersi venduto (asking price del file 28.000 EUR), cioe 28.000 EUR. Su questo si applica il coefficiente di realizzo del 57%, misurato sulle 9 righe del file che indicano sia l'asking price sia il prezzo a cui l'immobile si vende (intervallo osservato 33%-85%, mediana 59%). Risultato: 15.946 EUR.";"Terreno: l'OMI non pubblica quotazioni per i terreni e il mercato e poco liquido. Una vendita entro 12 mesi non e scontata. | Immobile locato: lo stato occupazionale allunga i tempi e riduce il prezzo realizzabile. | Serve una stima da comparabili di mercato o da fonte specifica per la tipologia.";;;;"R2";"ZONA AGRICOLA E LOCALITA` MINORI";"2025-2";"";"";"";"";""
"26";"FAB";"Mirandola";"MO";"Loc. Gavello Via Davanti n.14-18";"Terreni agricoli";"21473";;;;"";;"nessuno";"0,5695";"STIMA NON AFFIDABILE - DATI INSUFFICIENTI";"Mancano il prezzo richiesto nel file e una quotazione di mercato applicabile: non e possibile determinare un prezzo di rivendita realistico entro 12 mesi. L'OMI non pubblica quotazioni per questa destinazione (Terreni agricoli): terreni, immobili 'Altro' e ricettivi non rientrano nelle quattro destinazioni OMI (Residenziale, Commerciale, Terziaria, Produttiva).";"";;;;"R2";"ZONA AGRICOLA E LOCALITA` MINORI";"2025-2";"";"";"";"";""
"27";"FAB";"Mirandola";"MO";"loc. San Giacomo Roncole Via Statale Sud n. 207";"Residenziale";"273";"106000";;"286650";"SI";"60367";"realizzo-su-prezzo-richiesto";"0,5695";"MEDIA";"Prezzo di rivendita realistico entro 12 mesi. Base: il piu basso fra i prezzi ai quali l'immobile e gia offerto senza essersi venduto (asking price del file 106.000 EUR), cioe 106.000 EUR. Su questo si applica il coefficiente di realizzo del 57%, misurato sulle 9 righe del file che indicano sia l'asking price sia il prezzo a cui l'immobile si vende (intervallo osservato 33%-85%, mediana 59%). Risultato: 60.367 EUR.";"BLOCCO DI PLAUSIBILITA': il valore teorico di mercato (286.650 EUR) supera il prezzo a cui l'immobile e gia offerto senza essersi venduto (106.000 EUR). Non viene usato: servirebbero comparabili recenti, realmente simili, a prezzi superiori. La stima e ricondotta al valore prudenziale. | Il prezzo richiesto implica 388 EUR/mq, pari al 46% del minimo OMI di zona: verificare la superficie commerciale e lo stato dell'immobile.";"1050";"850";"1250";"D7";"FRAZIONE DI SAN GIACOMO RONCOLE - ZONE PRODUTTIVE SUD";"2025-2";"Abitazioni civili";"NORMALE";"Agenzia delle Entrate - Osservatorio del Mercato Immobiliare (OMI) - 2025 - semestre 2";"https://www1.agenziaentrate.gov.it/servizi/geopoi_omi/stampaomi.php?F240/MO00011065/20252/R/D7/0/0";"2025-2"
"28";"FAB";"Mirandola";"MO";"Via Mazzone n 112/114";"Residenziale";"378";"165000";;"434700";"SI";"93968";"realizzo-su-prezzo-richiesto";"0,5695";"BASSA";"Prezzo di rivendita realistico entro 12 mesi. Base: il piu basso fra i prezzi ai quali l'immobile e gia offerto senza essersi venduto (asking price del file 165.000 EUR), cioe 165.000 EUR. Su questo si applica il coefficiente di realizzo del 57%, misurato sulle 9 righe del file che indicano sia l'asking price sia il prezzo a cui l'immobile si vende (intervallo osservato 33%-85%, mediana 59%). Risultato: 93.968 EUR.";"BLOCCO DI PLAUSIBILITA': il valore teorico di mercato (434.700 EUR) supera il prezzo a cui l'immobile e gia offerto senza essersi venduto (165.000 EUR). Non viene usato: servirebbero comparabili recenti, realmente simili, a prezzi superiori. La stima e ricondotta al valore prudenziale. | Il prezzo richiesto implica 437 EUR/mq, pari al 44% del minimo OMI di zona: verificare la superficie commerciale e lo stato dell'immobile.";"1150";"1000";"1300";"D5";"AMBITI RESIDENZIALI CONSOLIDATI E DI ESPANSIONE";"2025-2";"Abitazioni civili";"NORMALE";"Agenzia delle Entrate - Osservatorio del Mercato Immobiliare (OMI) - 2025 - semestre 2";"https://www1.agenziaentrate.gov.it/servizi/geopoi_omi/stampaomi.php?F240/MO00010000/20252/R/D5/0/0";"2025-2"
"29";"FAB";"Mirandola";"MO";"Via Morandi  n.28";"Terreni edificabili";"16214";"275000";;;"";"156612";"realizzo-su-prezzo-richiesto";"0,5695";"BASSA";"Prezzo di rivendita realistico entro 12 mesi. Base: il piu basso fra i prezzi ai quali l'immobile e gia offerto senza essersi venduto (asking price del file 275.000 EUR), cioe 275.000 EUR. Su questo si applica il coefficiente di realizzo del 57%, misurato sulle 9 righe del file che indicano sia l'asking price sia il prezzo a cui l'immobile si vende (intervallo osservato 33%-85%, mediana 59%). Risultato: 156.612 EUR.";"Terreno: l'OMI non pubblica quotazioni per i terreni e il mercato e poco liquido. Una vendita entro 12 mesi non e scontata. | Serve una stima da comparabili di mercato o da fonte specifica per la tipologia.";;;;"R2";"ZONA AGRICOLA E LOCALITA` MINORI";"2025-2";"";"";"";"";""
"30";"FAB";"Mirandola";"MO";"Via Morandi  n.28";"Terreni agricoli";"52147";"665000";;;"";"378718";"realizzo-su-prezzo-richiesto";"0,5695";"BASSA";"Prezzo di rivendita realistico entro 12 mesi. Base: il piu basso fra i prezzi ai quali l'immobile e gia offerto senza essersi venduto (asking price del file 665.000 EUR), cioe 665.000 EUR. Su questo si applica il coefficiente di realizzo del 57%, misurato sulle 9 righe del file che indicano sia l'asking price sia il prezzo a cui l'immobile si vende (intervallo osservato 33%-85%, mediana 59%). Risultato: 378.718 EUR.";"Terreno: l'OMI non pubblica quotazioni per i terreni e il mercato e poco liquido. Una vendita entro 12 mesi non e scontata. | Serve una stima da comparabili di mercato o da fonte specifica per la tipologia.";;;;"R2";"ZONA AGRICOLA E LOCALITA` MINORI";"2025-2";"";"";"";"";""
"31";"FAB";"Mirandola";"MO";"Via Tosatti n.31";"Residenziale";"540";"170000";;"145000";"";"145000";"file";"0,5695";"DATO DA FILE";"Prezzo di vendita gia indicato nella colonna Â«a quanto si vende info 09/2026Â» del file: usato invariato, non ricalcolato. Corrisponde al 85% dell'asking price del file (170000 EUR).";"Valore teorico di mercato per confronto: 145.000 EUR.";"268,52";;;"D5";"AMBITI RESIDENZIALI CONSOLIDATI E DI ESPANSIONE";"2025-2";"";"";"Colonna ""a quanto si vende info 09/2026"" del file Excel";"https://www1.agenziaentrate.gov.it/servizi/geopoi_omi/stampaomi.php?F240/MO00010000/20252/R/D5/0/0";"2026-09"
"32";"FAB";"Modena";"MO";"Lotto 3A stradello Sottopassaggio 54";"Residenziale";"812";"300000";;"100000";"";"100000";"file";"0,5695";"DATO DA FILE";"Prezzo di vendita gia indicato nella colonna Â«a quanto si vende info 09/2026Â» del file: usato invariato, non ricalcolato. Corrisponde al 33% dell'asking price del file (300000 EUR).";"Valore teorico di mercato per confronto: 100.000 EUR.";"123,15";;;"R3";"ZONA AGRICOLA";"2025-2";"";"";"Colonna ""a quanto si vende info 09/2026"" del file Excel";"https://www1.agenziaentrate.gov.it/servizi/geopoi_omi/stampaomi.php?F257/MO00002936/20252/R/R3/0/0";"2026-09"
"33";"FAB";"Soliera";"MO";"Via Foschiera  75  77  79";"Residenziale";"3101";"230000";;"150000";"";"150000";"file";"0,5695";"DATO DA FILE";"Prezzo di vendita gia indicato nella colonna Â«a quanto si vende info 09/2026Â» del file: usato invariato, non ricalcolato. Corrisponde al 65% dell'asking price del file (230000 EUR).";"Valore teorico di mercato per confronto: 150.000 EUR.";"48,37";;;"R1";"ZONA AGRICOLA";"2025-2";"";"";"Colonna ""a quanto si vende info 09/2026"" del file Excel";"https://www1.agenziaentrate.gov.it/servizi/geopoi_omi/stampaomi.php?I802/MO00002881/20252/R/R1/0/0";"2026-09"
"34";"FAB";"Lugagnano di Val D'Arda";"PC";"";"Residenziale";"203";"100000";;"159355";"SI";"56950";"realizzo-su-prezzo-richiesto";"0,5695";"BASSA";"Prezzo di rivendita realistico entro 12 mesi. Base: il piu basso fra i prezzi ai quali l'immobile e gia offerto senza essersi venduto (asking price del file 100.000 EUR), cioe 100.000 EUR. Su questo si applica il coefficiente di realizzo del 57%, misurato sulle 9 righe del file che indicano sia l'asking price sia il prezzo a cui l'immobile si vende (intervallo osservato 33%-85%, mediana 59%). Risultato: 56.950 EUR.";"BLOCCO DI PLAUSIBILITA': il valore teorico di mercato (159.355 EUR) supera il prezzo a cui l'immobile e gia offerto senza essersi venduto (100.000 EUR). Non viene usato: servirebbero comparabili recenti, realmente simili, a prezzi superiori. La stima e ricondotta al valore prudenziale.";"785";"630";"940";"B1";"CENTRO STORICO TUTTO IL PAESE";"2025-2";"Abitazioni civili";"NORMALE";"Agenzia delle Entrate - Osservatorio del Mercato Immobiliare (OMI) - 2025 - semestre 2";"https://www1.agenziaentrate.gov.it/servizi/geopoi_omi/stampaomi.php?E726/PC00000393/20252/R/B1/0/0";"2025-2"
"35";"FAB";"Sambuca Pistoiese";"PT";"Loc. Pavana Via Pavana n.119";"Residenziale";"111,9";"35000";;"95115";"SI";"19932";"realizzo-su-prezzo-richiesto";"0,5695";"BASSA";"Prezzo di rivendita realistico entro 12 mesi. Base: il piu basso fra i prezzi ai quali l'immobile e gia offerto senza essersi venduto (asking price del file 35.000 EUR), cioe 35.000 EUR. Su questo si applica il coefficiente di realizzo del 57%, misurato sulle 9 righe del file che indicano sia l'asking price sia il prezzo a cui l'immobile si vende (intervallo osservato 33%-85%, mediana 59%). Risultato: 19.932 EUR.";"BLOCCO DI PLAUSIBILITA': il valore teorico di mercato (95.115 EUR) supera il prezzo a cui l'immobile e gia offerto senza essersi venduto (35.000 EUR). Non viene usato: servirebbero comparabili recenti, realmente simili, a prezzi superiori. La stima e ricondotta al valore prudenziale. | Il prezzo richiesto implica 313 EUR/mq, pari al 45% del minimo OMI di zona: verificare la superficie commerciale e lo stato dell'immobile.";"850";"700";"1000";"R2";"ZONA MONTANA FRAZIONI MINORI";"2025-2";"Abitazioni civili";"NORMALE";"Agenzia delle Entrate - Osservatorio del Mercato Immobiliare (OMI) - 2025 - semestre 2";"https://www1.agenziaentrate.gov.it/servizi/geopoi_omi/stampaomi.php?H744/PT00011904/20252/R/R2/0/0";"2025-2"
"36";"FAB";"Broni";"PV";"Via Vecchia Romera 20 - lotto 2";"Residenziale";"73";"80000";;"79935";"";"45560";"realizzo-su-prezzo-richiesto";"0,5695";"ALTA";"Prezzo di rivendita realistico entro 12 mesi. Base: il piu basso fra i prezzi ai quali l'immobile e gia offerto senza essersi venduto (asking price del file 80.000 EUR), cioe 80.000 EUR. Su questo si applica il coefficiente di realizzo del 57%, misurato sulle 9 righe del file che indicano sia l'asking price sia il prezzo a cui l'immobile si vende (intervallo osservato 33%-85%, mediana 59%). Risultato: 45.560 EUR. Il valore teorico di mercato (79.935 EUR) e superiore a questa stima e non e stato usato.";"";"1095";"990";"1200";"B1";"CENTRALE";"2025-2";"Abitazioni civili";"NORMALE";"Agenzia delle Entrate - Osservatorio del Mercato Immobiliare (OMI) - 2025 - semestre 2";"https://www1.agenziaentrate.gov.it/servizi/geopoi_omi/stampaomi.php?B201/PV00000113/20252/R/B1/0/0";"2025-2"
"37";"FAB";"Broni";"PV";"Via Vecchia Romera 20 - lotto 3";"Residenziale";"73";"80000";;"79935";"";"45560";"realizzo-su-prezzo-richiesto";"0,5695";"ALTA";"Prezzo di rivendita realistico entro 12 mesi. Base: il piu basso fra i prezzi ai quali l'immobile e gia offerto senza essersi venduto (asking price del file 80.000 EUR), cioe 80.000 EUR. Su questo si applica il coefficiente di realizzo del 57%, misurato sulle 9 righe del file che indicano sia l'asking price sia il prezzo a cui l'immobile si vende (intervallo osservato 33%-85%, mediana 59%). Risultato: 45.560 EUR. Il valore teorico di mercato (79.935 EUR) e superiore a questa stima e non e stato usato.";"";"1095";"990";"1200";"B1";"CENTRALE";"2025-2";"Abitazioni civili";"NORMALE";"Agenzia delle Entrate - Osservatorio del Mercato Immobiliare (OMI) - 2025 - semestre 2";"https://www1.agenziaentrate.gov.it/servizi/geopoi_omi/stampaomi.php?B201/PV00000113/20252/R/B1/0/0";"2025-2"
"38";"FAB";"Broni";"PV";"Via Vecchia Romera 20 - lotto 5";"Commerciale";"490";"270000";;"588000";"SI";"153765";"realizzo-su-prezzo-richiesto";"0,5695";"BASSA";"Prezzo di rivendita realistico entro 12 mesi. Base: il piu basso fra i prezzi ai quali l'immobile e gia offerto senza essersi venduto (asking price del file 270.000 EUR), cioe 270.000 EUR. Su questo si applica il coefficiente di realizzo del 57%, misurato sulle 9 righe del file che indicano sia l'asking price sia il prezzo a cui l'immobile si vende (intervallo osservato 33%-85%, mediana 59%). Risultato: 153.765 EUR.";"BLOCCO DI PLAUSIBILITA': il valore teorico di mercato (588.000 EUR) supera il prezzo a cui l'immobile e gia offerto senza essersi venduto (270.000 EUR). Non viene usato: servirebbero comparabili recenti, realmente simili, a prezzi superiori. La stima e ricondotta al valore prudenziale. | Il prezzo richiesto implica 551 EUR/mq, pari al 50% del minimo OMI di zona: verificare la superficie commerciale e lo stato dell'immobile.";"1200";"1100";"1300";"B1";"CENTRALE";"2025-2";"Negozi";"NORMALE";"Agenzia delle Entrate - Osservatorio del Mercato Immobiliare (OMI) - 2025 - semestre 2";"https://www1.agenziaentrate.gov.it/servizi/geopoi_omi/stampaomi.php?B201/PV00000113/20252/C/B1/0/0";"2025-2"
"39";"FAB";"Broni";"PV";"Via Vecchia Romera n. 20";"";"636";;;;"";;"nessuno";"0,5695";"STIMA NON AFFIDABILE - DATI INSUFFICIENTI";"Mancano il prezzo richiesto nel file e una quotazione di mercato applicabile: non e possibile determinare un prezzo di rivendita realistico entro 12 mesi. L'OMI non pubblica quotazioni per questa destinazione (destinazione assente nel file): terreni, immobili 'Altro' e ricettivi non rientrano nelle quattro destinazioni OMI (Residenziale, Commerciale, Terziaria, Produttiva).";"";;;;"B1";"CENTRALE";"2025-2";"";"";"";"";""
"40";"FAB";"Aiello del Friuli";"UD";"Via Casa Bianca";"Uffici";"695";"120000";;;"";"68340";"realizzo-su-prezzo-richiesto";"0,5695";"BASSA";"Prezzo di rivendita realistico entro 12 mesi. Base: il piu basso fra i prezzi ai quali l'immobile e gia offerto senza essersi venduto (asking price del file 120.000 EUR), cioe 120.000 EUR. Su questo si applica il coefficiente di realizzo del 57%, misurato sulle 9 righe del file che indicano sia l'asking price sia il prezzo a cui l'immobile si vende (intervallo osservato 33%-85%, mediana 59%). Risultato: 68.340 EUR.";"Zona rurale/periferica senza quotazione pubblicata per questa destinazione.";;;;"R1";"RESTO DEL TERRITORIO COMUNALE";"2025-2";"";"";"";"https://www1.agenziaentrate.gov.it/servizi/geopoi_omi/stampaomi.php?A103/UD00002817/20252/T/R1/0/0";""
"41";"FAB";"San Vito al Torre";"UD";"Via Aquileia 16";"Logistico/Produttivo";"24609";"665000";"1000000";"1000000";"SI";"378718";"realizzo-su-prezzo-richiesto";"0,5695";"ALTA";"Prezzo di rivendita realistico entro 12 mesi. Base: il piu basso fra i prezzi ai quali l'immobile e gia offerto senza essersi venduto (asking price del file 665.000 EUR ; prezzo dell'annuncio pubblico 1.000.000 EUR), cioe 665.000 EUR. Su questo si applica il coefficiente di realizzo del 57%, misurato sulle 9 righe del file che indicano sia l'asking price sia il prezzo a cui l'immobile si vende (intervallo osservato 33%-85%, mediana 59%). Risultato: 378.718 EUR.";"BLOCCO DI PLAUSIBILITA': il valore teorico di mercato (1.000.000 EUR) supera il prezzo a cui l'immobile e gia offerto senza essersi venduto (665.000 EUR). Non viene usato: servirebbero comparabili recenti, realmente simili, a prezzi superiori. La stima e ricondotta al valore prudenziale. | Immobile di grandi dimensioni (24609 mq dichiarati): la platea di acquirenti e ristretta e 12 mesi possono non bastare. | Sul mercato l'immobile e offerto a 1.000.000 EUR, cioe il 150% dell'asking price del file, e non risulta venduto. | Il valore e un prezzo RICHIESTO, non un prezzo di vendita concluso: il realizzo effettivo sara di norma inferiore per effetto della trattativa. | Annuncio: lavorazione e magazzini circa 5.000 mq, uffici e sala mostre circa 1.350 mq, area esterna circa 13.400 mq. I 24.609 mq del file sono il lotto, non la superficie coperta.";"40,64";;;"R1";"RESTO DEL TERRITORIO COMUNALE";"2025-2";"";"";"Immobiliare.it - annuncio di vendita dello stesso immobile, pubblicato da iQera Italia SPA";"https://www.immobiliare.it/annunci/97355894/";"2026-09-09"
"42";"FAB";"Tarviso";"UD";"Piazza Unità 11 /Via Romana";"Commerciale";"900";"440000";;"1012500";"SI";"250580";"realizzo-su-prezzo-richiesto";"0,5695";"BASSA";"Prezzo di rivendita realistico entro 12 mesi. Base: il piu basso fra i prezzi ai quali l'immobile e gia offerto senza essersi venduto (asking price del file 440.000 EUR), cioe 440.000 EUR. Su questo si applica il coefficiente di realizzo del 57%, misurato sulle 9 righe del file che indicano sia l'asking price sia il prezzo a cui l'immobile si vende (intervallo osservato 33%-85%, mediana 59%). Risultato: 250.580 EUR.";"BLOCCO DI PLAUSIBILITA': il valore teorico di mercato (1.012.500 EUR) supera il prezzo a cui l'immobile e gia offerto senza essersi venduto (440.000 EUR). Non viene usato: servirebbero comparabili recenti, realmente simili, a prezzi superiori. La stima e ricondotta al valore prudenziale. | Il prezzo richiesto implica 489 EUR/mq, pari al 54% del minimo OMI di zona: verificare la superficie commerciale e lo stato dell'immobile.";"1125";"900";"1350";"B1";"ZONA CENTRALE CAPOLUOGO";"2025-2";"Negozi";"NORMALE";"Agenzia delle Entrate - Osservatorio del Mercato Immobiliare (OMI) - 2025 - semestre 2";"https://www1.agenziaentrate.gov.it/servizi/geopoi_omi/stampaomi.php?L057/UD00000932/20252/C/B1/0/0";"2025-2"
"43";"FAB";"San Donà di Piave";"VE";"Via Calnova 20";"Commerciale";"3881";"620000";;;"";"353090";"realizzo-su-prezzo-richiesto";"0,5695";"BASSA";"Prezzo di rivendita realistico entro 12 mesi. Base: il piu basso fra i prezzi ai quali l'immobile e gia offerto senza essersi venduto (asking price del file 620.000 EUR), cioe 620.000 EUR. Su questo si applica il coefficiente di realizzo del 57%, misurato sulle 9 righe del file che indicano sia l'asking price sia il prezzo a cui l'immobile si vende (intervallo osservato 33%-85%, mediana 59%). Risultato: 353.090 EUR.";"Zona rurale/periferica senza quotazione pubblicata per questa destinazione.";;;;"R1";"ZONA RURALE E LOCALITA`";"2025-2";"";"";"";"https://www1.agenziaentrate.gov.it/servizi/geopoi_omi/stampaomi.php?H823/VE00001476/20252/C/R1/0/0";""
"44";"FAB";"San Stino di Livenza";"VE";"Via Walter Tobagi 12";"Commerciale";"395";"255000";;"553000";"SI";"145222";"realizzo-su-prezzo-richiesto";"0,5695";"BASSA";"Prezzo di rivendita realistico entro 12 mesi. Base: il piu basso fra i prezzi ai quali l'immobile e gia offerto senza essersi venduto (asking price del file 255.000 EUR), cioe 255.000 EUR. Su questo si applica il coefficiente di realizzo del 57%, misurato sulle 9 righe del file che indicano sia l'asking price sia il prezzo a cui l'immobile si vende (intervallo osservato 33%-85%, mediana 59%). Risultato: 145.222 EUR.";"BLOCCO DI PLAUSIBILITA': il valore teorico di mercato (553.000 EUR) supera il prezzo a cui l'immobile e gia offerto senza essersi venduto (255.000 EUR). Non viene usato: servirebbero comparabili recenti, realmente simili, a prezzi superiori. La stima e ricondotta al valore prudenziale. | Immobile locato: lo stato occupazionale allunga i tempi e riduce il prezzo realizzabile. | Stato conservativo 'normale' non pubblicato per questa tipologia: usato 'OTTIMO'. | Immobile locato: lo stato occupazionale riduce il prezzo realizzabile e allunga i tempi; la quotazione OMI si riferisce a immobile libero. | Il prezzo richiesto implica 646 EUR/mq, pari al 54% del minimo OMI di zona: verificare la superficie commerciale e lo stato dell'immobile.";"1400";"1200";"1600";"B1";"CAPOLUOGO";"2025-2";"Negozi";"OTTIMO";"Agenzia delle Entrate - Osservatorio del Mercato Immobiliare (OMI) - 2025 - semestre 2";"https://www1.agenziaentrate.gov.it/servizi/geopoi_omi/stampaomi.php?I373/VE00000527/20252/C/B1/0/0";"2025-2"
"45";"FAB";"ROMANO DI LOMBARDIA";"BG";"";"Uffici";"143";"105000";;"164450";"SI";"59798";"realizzo-su-prezzo-richiesto";"0,5695";"BASSA";"Prezzo di rivendita realistico entro 12 mesi. Base: il piu basso fra i prezzi ai quali l'immobile e gia offerto senza essersi venduto (asking price del file 105.000 EUR), cioe 105.000 EUR. Su questo si applica il coefficiente di realizzo del 57%, misurato sulle 9 righe del file che indicano sia l'asking price sia il prezzo a cui l'immobile si vende (intervallo osservato 33%-85%, mediana 59%). Risultato: 59.798 EUR.";"BLOCCO DI PLAUSIBILITA': il valore teorico di mercato (164.450 EUR) supera il prezzo a cui l'immobile e gia offerto senza essersi venduto (105.000 EUR). Non viene usato: servirebbero comparabili recenti, realmente simili, a prezzi superiori. La stima e ricondotta al valore prudenziale.";"1150";"900";"1400";"C1";"ZONA SEMICENTRALE";"2025-2";"Uffici";"NORMALE";"Agenzia delle Entrate - Osservatorio del Mercato Immobiliare (OMI) - 2025 - semestre 2";"https://www1.agenziaentrate.gov.it/servizi/geopoi_omi/stampaomi.php?H509/BG00009087/20252/T/C1/0/0";"2025-2"
"46";"FAB";"ROMANO DI LOMBARDIA";"BG";"";"Uffici";"173";"125000";;"198950";"SI";"71188";"realizzo-su-prezzo-richiesto";"0,5695";"BASSA";"Prezzo di rivendita realistico entro 12 mesi. Base: il piu basso fra i prezzi ai quali l'immobile e gia offerto senza essersi venduto (asking price del file 125.000 EUR), cioe 125.000 EUR. Su questo si applica il coefficiente di realizzo del 57%, misurato sulle 9 righe del file che indicano sia l'asking price sia il prezzo a cui l'immobile si vende (intervallo osservato 33%-85%, mediana 59%). Risultato: 71.188 EUR.";"BLOCCO DI PLAUSIBILITA': il valore teorico di mercato (198.950 EUR) supera il prezzo a cui l'immobile e gia offerto senza essersi venduto (125.000 EUR). Non viene usato: servirebbero comparabili recenti, realmente simili, a prezzi superiori. La stima e ricondotta al valore prudenziale.";"1150";"900";"1400";"C1";"ZONA SEMICENTRALE";"2025-2";"Uffici";"NORMALE";"Agenzia delle Entrate - Osservatorio del Mercato Immobiliare (OMI) - 2025 - semestre 2";"https://www1.agenziaentrate.gov.it/servizi/geopoi_omi/stampaomi.php?H509/BG00009087/20252/T/C1/0/0";"2025-2"
"47";"FAB";"ROMANO DI LOMBARDIA";"BG";"";"Uffici";"15";"6500";;"17250";"SI";"3702";"realizzo-su-prezzo-richiesto";"0,5695";"BASSA";"Prezzo di rivendita realistico entro 12 mesi. Base: il piu basso fra i prezzi ai quali l'immobile e gia offerto senza essersi venduto (asking price del file 6.500 EUR), cioe 6.500 EUR. Su questo si applica il coefficiente di realizzo del 57%, misurato sulle 9 righe del file che indicano sia l'asking price sia il prezzo a cui l'immobile si vende (intervallo osservato 33%-85%, mediana 59%). Risultato: 3.702 EUR.";"BLOCCO DI PLAUSIBILITA': il valore teorico di mercato (17.250 EUR) supera il prezzo a cui l'immobile e gia offerto senza essersi venduto (6.500 EUR). Non viene usato: servirebbero comparabili recenti, realmente simili, a prezzi superiori. La stima e ricondotta al valore prudenziale. | Il prezzo richiesto implica 433 EUR/mq, pari al 48% del minimo OMI di zona: verificare la superficie commerciale e lo stato dell'immobile.";"1150";"900";"1400";"C1";"ZONA SEMICENTRALE";"2025-2";"Uffici";"NORMALE";"Agenzia delle Entrate - Osservatorio del Mercato Immobiliare (OMI) - 2025 - semestre 2";"https://www1.agenziaentrate.gov.it/servizi/geopoi_omi/stampaomi.php?H509/BG00009087/20252/T/C1/0/0";"2025-2"
"48";"FAB";"ROMANO DI LOMBARDIA";"BG";"";"Uffici";"15";"6500";;"17250";"SI";"3702";"realizzo-su-prezzo-richiesto";"0,5695";"BASSA";"Prezzo di rivendita realistico entro 12 mesi. Base: il piu basso fra i prezzi ai quali l'immobile e gia offerto senza essersi venduto (asking price del file 6.500 EUR), cioe 6.500 EUR. Su questo si applica il coefficiente di realizzo del 57%, misurato sulle 9 righe del file che indicano sia l'asking price sia il prezzo a cui l'immobile si vende (intervallo osservato 33%-85%, mediana 59%). Risultato: 3.702 EUR.";"BLOCCO DI PLAUSIBILITA': il valore teorico di mercato (17.250 EUR) supera il prezzo a cui l'immobile e gia offerto senza essersi venduto (6.500 EUR). Non viene usato: servirebbero comparabili recenti, realmente simili, a prezzi superiori. La stima e ricondotta al valore prudenziale. | Il prezzo richiesto implica 433 EUR/mq, pari al 48% del minimo OMI di zona: verificare la superficie commerciale e lo stato dell'immobile.";"1150";"900";"1400";"C1";"ZONA SEMICENTRALE";"2025-2";"Uffici";"NORMALE";"Agenzia delle Entrate - Osservatorio del Mercato Immobiliare (OMI) - 2025 - semestre 2";"https://www1.agenziaentrate.gov.it/servizi/geopoi_omi/stampaomi.php?H509/BG00009087/20252/T/C1/0/0";"2025-2"
"49";"FAB III";"Novi Ligure";"AL";"Via Trattato di Schengen";"Ricettivo/Turistico";"12575";"1250000";"1350000";"1350000";"SI";"711875";"realizzo-su-prezzo-richiesto";"0,5695";"ALTA";"Prezzo di rivendita realistico entro 12 mesi. Base: il piu basso fra i prezzi ai quali l'immobile e gia offerto senza essersi venduto (asking price del file 1.250.000 EUR ; prezzo dell'annuncio pubblico 1.350.000 EUR), cioe 1.250.000 EUR. Su questo si applica il coefficiente di realizzo del 57%, misurato sulle 9 righe del file che indicano sia l'asking price sia il prezzo a cui l'immobile si vende (intervallo osservato 33%-85%, mediana 59%). Risultato: 711.875 EUR.";"BLOCCO DI PLAUSIBILITA': il valore teorico di mercato (1.350.000 EUR) supera il prezzo a cui l'immobile e gia offerto senza essersi venduto (1.250.000 EUR). Non viene usato: servirebbero comparabili recenti, realmente simili, a prezzi superiori. La stima e ricondotta al valore prudenziale. | Immobile di grandi dimensioni (12575 mq dichiarati): la platea di acquirenti e ristretta e 12 mesi possono non bastare. | Sul mercato l'immobile e offerto a 1.350.000 EUR, cioe il 108% dell'asking price del file, e non risulta venduto. | Il valore e un prezzo RICHIESTO, non un prezzo di vendita concluso: il realizzo effettivo sara di norma inferiore per effetto della trattativa.";"107,36";;;"E1";"ZONA INDUSTRIALE PROSSIMA A OPIFICIO ILVA";"2025-2";"";"";"Immobiliare.it - annuncio di vendita dello stesso immobile, pubblicato da iQera Italia SPA";"https://www.immobiliare.it/annunci/97376622/";"2026-09-09"
"50";"FAB III";"Fara Gera d'Adda";"BG";"Via SS Padana Superiore 11";"Logistico/Produttivo";"7640";"700000";;;"";"398650";"realizzo-su-prezzo-richiesto";"0,5695";"BASSA";"Prezzo di rivendita realistico entro 12 mesi. Base: il piu basso fra i prezzi ai quali l'immobile e gia offerto senza essersi venduto (asking price del file 700.000 EUR), cioe 700.000 EUR. Su questo si applica il coefficiente di realizzo del 57%, misurato sulle 9 righe del file che indicano sia l'asking price sia il prezzo a cui l'immobile si vende (intervallo osservato 33%-85%, mediana 59%). Risultato: 398.650 EUR.";"Immobile di grandi dimensioni (7640 mq dichiarati): la platea di acquirenti e ristretta e 12 mesi possono non bastare. | Superficie molto elevata (7640 mq): probabile lotto cumulativo di piu unita, la quotazione unitaria di zona puo non essere rappresentativa. | Il prezzo richiesto implica 92 EUR/mq, pari al 31% del minimo OMI di zona: verificare la superficie commerciale e lo stato dell'immobile.";"400";"300";"500";"R2";"RESTANTE PARTE DEL TERRITORIO COMUNALE";"2025-2";"Capannoni tipici";"NORMALE";"Agenzia delle Entrate - Osservatorio del Mercato Immobiliare (OMI) - 2025 - semestre 2";"https://www1.agenziaentrate.gov.it/servizi/geopoi_omi/stampaomi.php?D490/BG00009122/20252/P/R2/0/0";"2025-2"
"51";"FAB III";"Telgate";"BG";"via Passerera 3/A";"Logistico/Produttivo";"4724";"700000";;"2302950";"SI";"398650";"realizzo-su-prezzo-richiesto";"0,5695";"BASSA";"Prezzo di rivendita realistico entro 12 mesi. Base: il piu basso fra i prezzi ai quali l'immobile e gia offerto senza essersi venduto (asking price del file 700.000 EUR), cioe 700.000 EUR. Su questo si applica il coefficiente di realizzo del 57%, misurato sulle 9 righe del file che indicano sia l'asking price sia il prezzo a cui l'immobile si vende (intervallo osservato 33%-85%, mediana 59%). Risultato: 398.650 EUR.";"BLOCCO DI PLAUSIBILITA': il valore teorico di mercato (2.302.950 EUR) supera il prezzo a cui l'immobile e gia offerto senza essersi venduto (700.000 EUR). Non viene usato: servirebbero comparabili recenti, realmente simili, a prezzi superiori. La stima e ricondotta al valore prudenziale. | Il prezzo richiesto implica 148 EUR/mq, pari al 33% del minimo OMI di zona: verificare la superficie commerciale e lo stato dell'immobile.";"487,5";"445";"530";"B2";"CENTRO ABITATO";"2025-2";"Laboratori";"NORMALE";"Agenzia delle Entrate - Osservatorio del Mercato Immobiliare (OMI) - 2025 - semestre 2";"https://www1.agenziaentrate.gov.it/servizi/geopoi_omi/stampaomi.php?L087/BG00009455/20252/P/B2/0/0";"2025-2"
"52";"FAB III";"Cavaglia'";"BI";"Via Mandria 12";"Logistico/Produttivo";"3030";"290000";;"628725";"SI";"165155";"realizzo-su-prezzo-richiesto";"0,5695";"BASSA";"Prezzo di rivendita realistico entro 12 mesi. Base: il piu basso fra i prezzi ai quali l'immobile e gia offerto senza essersi venduto (asking price del file 290.000 EUR), cioe 290.000 EUR. Su questo si applica il coefficiente di realizzo del 57%, misurato sulle 9 righe del file che indicano sia l'asking price sia il prezzo a cui l'immobile si vende (intervallo osservato 33%-85%, mediana 59%). Risultato: 165.155 EUR.";"BLOCCO DI PLAUSIBILITA': il valore teorico di mercato (628.725 EUR) supera il prezzo a cui l'immobile e gia offerto senza essersi venduto (290.000 EUR). Non viene usato: servirebbero comparabili recenti, realmente simili, a prezzi superiori. La stima e ricondotta al valore prudenziale. | Il prezzo richiesto implica 96 EUR/mq, pari al 55% del minimo OMI di zona: verificare la superficie commerciale e lo stato dell'immobile.";"207,5";"175";"240";"B1";"CENTRO URBANO";"2025-2";"Capannoni industriali";"NORMALE";"Agenzia delle Entrate - Osservatorio del Mercato Immobiliare (OMI) - 2025 - semestre 2";"https://www1.agenziaentrate.gov.it/servizi/geopoi_omi/stampaomi.php?C363/BI00000168/20252/P/B1/0/0";"2025-2"
"53";"FAB III";"Imola";"BO";"VIA SFORZA 2/a";"Uffici";"84,5";"75000";"81000";"81000";"SI";"42712";"realizzo-su-prezzo-richiesto";"0,5695";"ALTA";"Prezzo di rivendita realistico entro 12 mesi. Base: il piu basso fra i prezzi ai quali l'immobile e gia offerto senza essersi venduto (asking price del file 75.000 EUR ; prezzo dell'annuncio pubblico 81.000 EUR), cioe 75.000 EUR. Su questo si applica il coefficiente di realizzo del 57%, misurato sulle 9 righe del file che indicano sia l'asking price sia il prezzo a cui l'immobile si vende (intervallo osservato 33%-85%, mediana 59%). Risultato: 42.712 EUR.";"BLOCCO DI PLAUSIBILITA': il valore teorico di mercato (81.000 EUR) supera il prezzo a cui l'immobile e gia offerto senza essersi venduto (75.000 EUR). Non viene usato: servirebbero comparabili recenti, realmente simili, a prezzi superiori. La stima e ricondotta al valore prudenziale. | Sul mercato l'immobile e offerto a 81.000 EUR, cioe il 108% dell'asking price del file, e non risulta venduto. | Il valore e un prezzo RICHIESTO, non un prezzo di vendita concluso: il realizzo effettivo sara di norma inferiore per effetto della trattativa.";"958,58";;;"B1";"CENTRO  STORICO";"2025-2";"";"";"Immobiliare.it - annuncio di vendita dello stesso immobile, pubblicato da iQera Italia SPA";"https://www.immobiliare.it/annunci/97331914/";"2026-09-09"
"54";"FAB III";"Sala Bolognese";"BO";"via Bagno 25";"Residenziale";"844";"200000";;;"";"113900";"realizzo-su-prezzo-richiesto";"0,5695";"BASSA";"Prezzo di rivendita realistico entro 12 mesi. Base: il piu basso fra i prezzi ai quali l'immobile e gia offerto senza essersi venduto (asking price del file 200.000 EUR), cioe 200.000 EUR. Su questo si applica il coefficiente di realizzo del 57%, misurato sulle 9 righe del file che indicano sia l'asking price sia il prezzo a cui l'immobile si vende (intervallo osservato 33%-85%, mediana 59%). Risultato: 113.900 EUR.";"La superficie del file non e compatibile con un fabbricato: nessuna stima per metro quadro e utilizzabile, la valutazione poggia solo sul prezzo richiesto. | Serve la superficie commerciale reale, oppure una stima da comparabili sull immobile specifico.";"1175";"1000";"1350";"R1";"ZONA AGRICOLA";"2025-2";"Abitazioni civili";"NORMALE";"Agenzia delle Entrate - Osservatorio del Mercato Immobiliare (OMI) - 2025 - semestre 2";"https://www1.agenziaentrate.gov.it/servizi/geopoi_omi/stampaomi.php?H678/BO00003035/20252/R/R1/0/0";"2025-2"
"55";"FAB III";"Brescia";"BS";"VIA Della Volta 92/94";"Uffici";"427";"410000";;"619150";"SI";"233495";"realizzo-su-prezzo-richiesto";"0,5695";"MEDIA";"Prezzo di rivendita realistico entro 12 mesi. Base: il piu basso fra i prezzi ai quali l'immobile e gia offerto senza essersi venduto (asking price del file 410.000 EUR), cioe 410.000 EUR. Su questo si applica il coefficiente di realizzo del 57%, misurato sulle 9 righe del file che indicano sia l'asking price sia il prezzo a cui l'immobile si vende (intervallo osservato 33%-85%, mediana 59%). Risultato: 233.495 EUR.";"BLOCCO DI PLAUSIBILITA': il valore teorico di mercato (619.150 EUR) supera il prezzo a cui l'immobile e gia offerto senza essersi venduto (410.000 EUR). Non viene usato: servirebbero comparabili recenti, realmente simili, a prezzi superiori. La stima e ricondotta al valore prudenziale.";"1450";"1300";"1600";"D12";"VIA DUCA DEGLI ABRUZZI, POLIAMBULANZA, VIA VOLTA";"2025-2";"Uffici";"NORMALE";"Agenzia delle Entrate - Osservatorio del Mercato Immobiliare (OMI) - 2025 - semestre 2";"https://www1.agenziaentrate.gov.it/servizi/geopoi_omi/stampaomi.php?B157/BS00012224/20252/T/D12/0/0";"2025-2"
"56";"FAB III";"Chieti";"CH";"VIA FILIPPO MASCI";"Logistico/Produttivo";"1100";"330000";;"594000";"SI";"187935";"realizzo-su-prezzo-richiesto";"0,5695";"MEDIA";"Prezzo di rivendita realistico entro 12 mesi. Base: il piu basso fra i prezzi ai quali l'immobile e gia offerto senza essersi venduto (asking price del file 330.000 EUR), cioe 330.000 EUR. Su questo si applica il coefficiente di realizzo del 57%, misurato sulle 9 righe del file che indicano sia l'asking price sia il prezzo a cui l'immobile si vende (intervallo osservato 33%-85%, mediana 59%). Risultato: 187.935 EUR.";"BLOCCO DI PLAUSIBILITA': il valore teorico di mercato (594.000 EUR) supera il prezzo a cui l'immobile e gia offerto senza essersi venduto (330.000 EUR). Non viene usato: servirebbero comparabili recenti, realmente simili, a prezzi superiori. La stima e ricondotta al valore prudenziale.";"540";"360";"720";"C7";"ESPANSIONE";"2025-2";"Laboratori";"NORMALE";"Agenzia delle Entrate - Osservatorio del Mercato Immobiliare (OMI) - 2025 - semestre 2";"https://www1.agenziaentrate.gov.it/servizi/geopoi_omi/stampaomi.php?C632/CH00005238/20252/P/C7/0/0";"2025-2"
"57";"FAB III";"Resuttano";"CL";"Via Roma 17";"Residenziale";"126";"30000";"35000";"35000";"SI";"17085";"realizzo-su-prezzo-richiesto";"0,5695";"ALTA";"Prezzo di rivendita realistico entro 12 mesi. Base: il piu basso fra i prezzi ai quali l'immobile e gia offerto senza essersi venduto (asking price del file 30.000 EUR ; prezzo dell'annuncio pubblico 35.000 EUR), cioe 30.000 EUR. Su questo si applica il coefficiente di realizzo del 57%, misurato sulle 9 righe del file che indicano sia l'asking price sia il prezzo a cui l'immobile si vende (intervallo osservato 33%-85%, mediana 59%). Risultato: 17.085 EUR.";"BLOCCO DI PLAUSIBILITA': il valore teorico di mercato (35.000 EUR) supera il prezzo a cui l'immobile e gia offerto senza essersi venduto (30.000 EUR). Non viene usato: servirebbero comparabili recenti, realmente simili, a prezzi superiori. La stima e ricondotta al valore prudenziale. | Sul mercato l'immobile e offerto a 35.000 EUR, cioe il 117% dell'asking price del file, e non risulta venduto. | Il valore e un prezzo RICHIESTO, non un prezzo di vendita concluso: il realizzo effettivo sara di norma inferiore per effetto della trattativa.";"277,78";;;"B1";"CENTRO EDIFICATO";"2025-2";"";"";"Immobiliare.it - annuncio di vendita dello stesso immobile, pubblicato da iQera Italia SPA";"https://www.immobiliare.it/annunci/97355902/";"2026-09-09"
"58";"FAB III";"Caramagna Piemonte";"CN";"Strada Meani n. 12";"Logistico/Produttivo";"2853,82";"940000";;"1255681";"SI";"535330";"realizzo-su-prezzo-richiesto";"0,5695";"BASSA";"Prezzo di rivendita realistico entro 12 mesi. Base: il piu basso fra i prezzi ai quali l'immobile e gia offerto senza essersi venduto (asking price del file 940.000 EUR), cioe 940.000 EUR. Su questo si applica il coefficiente di realizzo del 57%, misurato sulle 9 righe del file che indicano sia l'asking price sia il prezzo a cui l'immobile si vende (intervallo osservato 33%-85%, mediana 59%). Risultato: 535.330 EUR.";"BLOCCO DI PLAUSIBILITA': il valore teorico di mercato (1.255.681 EUR) supera il prezzo a cui l'immobile e gia offerto senza essersi venduto (940.000 EUR). Non viene usato: servirebbero comparabili recenti, realmente simili, a prezzi superiori. La stima e ricondotta al valore prudenziale.";"440";"320";"560";"B1";"CENTRO URBANO";"2025-2";"Capannoni tipici";"NORMALE";"Agenzia delle Entrate - Osservatorio del Mercato Immobiliare (OMI) - 2025 - semestre 2";"https://www1.agenziaentrate.gov.it/servizi/geopoi_omi/stampaomi.php?B720/CN00001015/20252/P/B1/0/0";"2025-2"
"59";"FAB III";"Pianfei";"CN";"Via SS 564 Monregalese 2";"Logistico/Produttivo";"6652";"125000";"160000";"160000";"SI";"71188";"realizzo-su-prezzo-richiesto";"0,5695";"ALTA";"Prezzo di rivendita realistico entro 12 mesi. Base: il piu basso fra i prezzi ai quali l'immobile e gia offerto senza essersi venduto (asking price del file 125.000 EUR ; prezzo dell'annuncio pubblico 160.000 EUR), cioe 125.000 EUR. Su questo si applica il coefficiente di realizzo del 57%, misurato sulle 9 righe del file che indicano sia l'asking price sia il prezzo a cui l'immobile si vende (intervallo osservato 33%-85%, mediana 59%). Risultato: 71.188 EUR.";"BLOCCO DI PLAUSIBILITA': il valore teorico di mercato (160.000 EUR) supera il prezzo a cui l'immobile e gia offerto senza essersi venduto (125.000 EUR). Non viene usato: servirebbero comparabili recenti, realmente simili, a prezzi superiori. La stima e ricondotta al valore prudenziale. | Immobile di grandi dimensioni (6652 mq dichiarati): la platea di acquirenti e ristretta e 12 mesi possono non bastare. | Sul mercato l'immobile e offerto a 160.000 EUR, cioe il 128% dell'asking price del file, e non risulta venduto. | Il valore e un prezzo RICHIESTO, non un prezzo di vendita concluso: il realizzo effettivo sara di norma inferiore per effetto della trattativa.";"24,05";;;"R1";"ZONE AGRICOLE DEL TERRITORIO COMUNALE";"2025-2";"";"";"Immobiliare.it - annuncio di vendita dello stesso immobile, pubblicato da iQera Italia SPA";"https://www.immobiliare.it/annunci/97355892/";"2026-09-09"
"60";"FAB III";"Racconigi";"CN";"via Priotti 31";"Residenziale";"684";"380000";"380000";"380000";"";"216410";"realizzo-su-prezzo-richiesto";"0,5695";"ALTA";"Prezzo di rivendita realistico entro 12 mesi. Base: il piu basso fra i prezzi ai quali l'immobile e gia offerto senza essersi venduto (asking price del file 380.000 EUR ; prezzo dell'annuncio pubblico 380.000 EUR), cioe 380.000 EUR. Su questo si applica il coefficiente di realizzo del 57%, misurato sulle 9 righe del file che indicano sia l'asking price sia il prezzo a cui l'immobile si vende (intervallo osservato 33%-85%, mediana 59%). Risultato: 216.410 EUR. Il valore teorico di mercato (380.000 EUR) e superiore a questa stima e non e stato usato.";"Il valore e un prezzo RICHIESTO, non un prezzo di vendita concluso: il realizzo effettivo sara di norma inferiore per effetto della trattativa.";"555,56";;;"R1";"ZONE AGRICOLE DEL TERRITORIO COMUNALE";"2025-2";"";"";"Immobiliare.it - annuncio di vendita dello stesso immobile, pubblicato da iQera Italia SPA";"https://www.immobiliare.it/annunci/98592516/";"2026-09-09"
"61";"FAB III";"Montodine";"CR";"Via Crotti";"Logistico/Produttivo";"15793";"900000";;"9083173";"SI";"512550";"realizzo-su-prezzo-richiesto";"0,5695";"MEDIA";"Prezzo di rivendita realistico entro 12 mesi. Base: il piu basso fra i prezzi ai quali l'immobile e gia offerto senza essersi venduto (asking price del file 900.000 EUR), cioe 900.000 EUR. Su questo si applica il coefficiente di realizzo del 57%, misurato sulle 9 righe del file che indicano sia l'asking price sia il prezzo a cui l'immobile si vende (intervallo osservato 33%-85%, mediana 59%). Risultato: 512.550 EUR.";"BLOCCO DI PLAUSIBILITA': il valore teorico di mercato (9.083.173 EUR) supera il prezzo a cui l'immobile e gia offerto senza essersi venduto (900.000 EUR). Non viene usato: servirebbero comparabili recenti, realmente simili, a prezzi superiori. La stima e ricondotta al valore prudenziale. | Immobile di grandi dimensioni (15793 mq dichiarati): la platea di acquirenti e ristretta e 12 mesi possono non bastare. | Immobile locato: lo stato occupazionale allunga i tempi e riduce il prezzo realizzabile. | Valore costruito su prezzi RICHIESTI negli annunci, non su compravendite concluse. | Il complesso del file non risulta pubblicato. Comparabili nello stesso comune, categoria capannoni.";"575";;;"B1";"INTERO TERRITORIO URBANO";"2025-2";"";"";"Immobiliare.it - annunci di vendita nello stesso comune e nella stessa categoria";"https://www1.agenziaentrate.gov.it/servizi/geopoi_omi/stampaomi.php?F681/CR00000371/20252/P/B1/0/0";"2026-09-09"
"62";"FAB III";"Acireale";"CT";"Piazza IV Settembre 19";"Commerciale";"390";"150000";"150000";"150000";"";"85425";"realizzo-su-prezzo-richiesto";"0,5695";"ALTA";"Prezzo di rivendita realistico entro 12 mesi. Base: il piu basso fra i prezzi ai quali l'immobile e gia offerto senza essersi venduto (asking price del file 150.000 EUR ; prezzo dell'annuncio pubblico 150.000 EUR), cioe 150.000 EUR. Su questo si applica il coefficiente di realizzo del 57%, misurato sulle 9 righe del file che indicano sia l'asking price sia il prezzo a cui l'immobile si vende (intervallo osservato 33%-85%, mediana 59%). Risultato: 85.425 EUR. Il valore teorico di mercato (150.000 EUR) e superiore a questa stima e non e stato usato.";"Il valore e un prezzo RICHIESTO, non un prezzo di vendita concluso: il realizzo effettivo sara di norma inferiore per effetto della trattativa. | Superficie annuncio 330 mq contro 390 mq del file: stesso indirizzo e stesso venditore.";"384,62";;;"D2";"S.M. DELLE GRAZIE, DELLO STADIO, TUPPARELLO, ACI PLATANI, S.CATERINA, IGEA";"2025-2";"";"";"Immobiliare.it - annuncio di vendita dello stesso immobile, pubblicato da iQera Italia SPA";"https://www.immobiliare.it/annunci/132241002/";"2026-09-09"
"63";"FAB III";"Borgia";"CZ";"VIA GIACOMO ROSSINI 2";"Uffici";"169";"70000";"70000";"70000";"";"39865";"realizzo-su-prezzo-richiesto";"0,5695";"ALTA";"Prezzo di rivendita realistico entro 12 mesi. Base: il piu basso fra i prezzi ai quali l'immobile e gia offerto senza essersi venduto (asking price del file 70.000 EUR ; prezzo dell'annuncio pubblico 70.000 EUR), cioe 70.000 EUR. Su questo si applica il coefficiente di realizzo del 57%, misurato sulle 9 righe del file che indicano sia l'asking price sia il prezzo a cui l'immobile si vende (intervallo osservato 33%-85%, mediana 59%). Risultato: 39.865 EUR. Il valore teorico di mercato (70.000 EUR) e superiore a questa stima e non e stato usato.";"Il valore e un prezzo RICHIESTO, non un prezzo di vendita concluso: il realizzo effettivo sara di norma inferiore per effetto della trattativa. | Superficie annuncio 156 mq contro 169 mq del file: stesso indirizzo e stesso venditore.";"414,2";;;"B2";"CENTRO URBANO";"2025-2";"";"";"Immobiliare.it - annuncio di vendita dello stesso immobile, pubblicato da iQera Italia SPA";"https://www.immobiliare.it/annunci/132268414/";"2026-09-09"
"64";"FAB III";"Santa Sofia";"FO";"via Di Vittorio";"Logistico/Produttivo";"1309";"235000";"250000";"250000";"SI";"133832";"realizzo-su-prezzo-richiesto";"0,5695";"MEDIA";"Prezzo di rivendita realistico entro 12 mesi. Base: il piu basso fra i prezzi ai quali l'immobile e gia offerto senza essersi venduto (asking price del file 235.000 EUR ; prezzo dell'annuncio pubblico 250.000 EUR), cioe 235.000 EUR. Su questo si applica il coefficiente di realizzo del 57%, misurato sulle 9 righe del file che indicano sia l'asking price sia il prezzo a cui l'immobile si vende (intervallo osservato 33%-85%, mediana 59%). Risultato: 133.832 EUR.";"BLOCCO DI PLAUSIBILITA': il valore teorico di mercato (250.000 EUR) supera il prezzo a cui l'immobile e gia offerto senza essersi venduto (235.000 EUR). Non viene usato: servirebbero comparabili recenti, realmente simili, a prezzi superiori. La stima e ricondotta al valore prudenziale. | Sul mercato l'immobile e offerto a 250.000 EUR, cioe il 106% dell'asking price del file, e non risulta venduto. | Il valore e un prezzo RICHIESTO, non un prezzo di vendita concluso: il realizzo effettivo sara di norma inferiore per effetto della trattativa. | Annuncio: laboratorio (lavaggio e gommista) di 310 mq con accesso da via Nefetti e da via Di Vittorio. Il file indica 1.309 mq: verosimilmente il lotto. Corrispondenza da confermare in sopralluogo.";"190,99";;;"B1";"CENTRO URBANO DI SANTA SOFIA E MORTANO";"2025-2";"";"";"Immobiliare.it - annuncio di vendita dello stesso immobile, pubblicato da iQera Italia SPA";"https://www.immobiliare.it/annunci/97556202/";"2026-09-09"
"65";"FAB III";"Firenze";"FI";"Via Del Ferrone, n.c. 8/A";"Residenziale";"7960";"1250000";;;"";"711875";"realizzo-su-prezzo-richiesto";"0,5695";"BASSA";"Prezzo di rivendita realistico entro 12 mesi. Base: il piu basso fra i prezzi ai quali l'immobile e gia offerto senza essersi venduto (asking price del file 1.250.000 EUR), cioe 1.250.000 EUR. Su questo si applica il coefficiente di realizzo del 57%, misurato sulle 9 righe del file che indicano sia l'asking price sia il prezzo a cui l'immobile si vende (intervallo osservato 33%-85%, mediana 59%). Risultato: 711.875 EUR.";"Immobile di grandi dimensioni (7960 mq dichiarati): la platea di acquirenti e ristretta e 12 mesi possono non bastare. | La superficie del file non e compatibile con un fabbricato: nessuna stima per metro quadro e utilizzabile, la valutazione poggia solo sul prezzo richiesto. | Superficie molto elevata (7960 mq): probabile lotto cumulativo di piu unita, la quotazione unitaria di zona puo non essere rappresentativa. | Serve la superficie commerciale reale, oppure una stima da comparabili sull immobile specifico.";"3600";"3000";"4200";"C17";"MARIGNOLLE - MONTE OLIVETO - LE CAMPORA";"2025-2";"Abitazioni civili";"NORMALE";"Agenzia delle Entrate - Osservatorio del Mercato Immobiliare (OMI) - 2025 - semestre 2";"https://www1.agenziaentrate.gov.it/servizi/geopoi_omi/stampaomi.php?D612/FI00012054/20252/R/C17/0/0";"2025-2"
"66";"FAB III";"Montespertoli";"FI";"Via Teddeino Taddeini, n.c. 65";"Residenziale";"195";"210000";;"346125";"SI";"119595";"realizzo-su-prezzo-richiesto";"0,5695";"BASSA";"Prezzo di rivendita realistico entro 12 mesi. Base: il piu basso fra i prezzi ai quali l'immobile e gia offerto senza essersi venduto (asking price del file 210.000 EUR), cioe 210.000 EUR. Su questo si applica il coefficiente di realizzo del 57%, misurato sulle 9 righe del file che indicano sia l'asking price sia il prezzo a cui l'immobile si vende (intervallo osservato 33%-85%, mediana 59%). Risultato: 119.595 EUR.";"BLOCCO DI PLAUSIBILITA': il valore teorico di mercato (346.125 EUR) supera il prezzo a cui l'immobile e gia offerto senza essersi venduto (210.000 EUR). Non viene usato: servirebbero comparabili recenti, realmente simili, a prezzi superiori. La stima e ricondotta al valore prudenziale. | Immobile occupato: lo stato occupazionale allunga i tempi e riduce il prezzo realizzabile. | Immobile occupato: lo stato occupazionale riduce il prezzo realizzabile e allunga i tempi; la quotazione OMI si riferisce a immobile libero.";"1775";"1450";"2100";"R1";"RESTO DEL TERRITORIO";"2025-2";"Abitazioni civili";"NORMALE";"Agenzia delle Entrate - Osservatorio del Mercato Immobiliare (OMI) - 2025 - semestre 2";"https://www1.agenziaentrate.gov.it/servizi/geopoi_omi/stampaomi.php?F648/FI00001199/20252/R/R1/0/0";"2025-2"
"67";"FAB III";"Amaseno";"FR";"Via Roma";"Residenziale";"138";"35000";;"66930";"SI";"19932";"realizzo-su-prezzo-richiesto";"0,5695";"MEDIA";"Prezzo di rivendita realistico entro 12 mesi. Base: il piu basso fra i prezzi ai quali l'immobile e gia offerto senza essersi venduto (asking price del file 35.000 EUR), cioe 35.000 EUR. Su questo si applica il coefficiente di realizzo del 57%, misurato sulle 9 righe del file che indicano sia l'asking price sia il prezzo a cui l'immobile si vende (intervallo osservato 33%-85%, mediana 59%). Risultato: 19.932 EUR.";"BLOCCO DI PLAUSIBILITA': il valore teorico di mercato (66.930 EUR) supera il prezzo a cui l'immobile e gia offerto senza essersi venduto (35.000 EUR). Non viene usato: servirebbero comparabili recenti, realmente simili, a prezzi superiori. La stima e ricondotta al valore prudenziale.";"485";"390";"580";"B1";"P.ANNUNZIATA,CIRCONV.NE,V.ROMA,V.INDIPEND.ZA,V.NAZIONALE,V.RISORGIMENTO,V.CASTELLO,VL.S.ROCCO,P.11FEBBRAIO,V.CAVOUR";"2025-2";"Abitazioni civili";"NORMALE";"Agenzia delle Entrate - Osservatorio del Mercato Immobiliare (OMI) - 2025 - semestre 2";"https://www1.agenziaentrate.gov.it/servizi/geopoi_omi/stampaomi.php?A256/FR00000082/20252/R/B1/0/0";"2025-2"
"68";"FAB III";"Fontana Liri";"FR";"Corso Trieste";"Residenziale";"246";"120000";;"89175";"";"68340";"realizzo-su-prezzo-richiesto";"0,5695";"ALTA";"Prezzo di rivendita realistico entro 12 mesi. Base: il piu basso fra i prezzi ai quali l'immobile e gia offerto senza essersi venduto (asking price del file 120.000 EUR), cioe 120.000 EUR. Su questo si applica il coefficiente di realizzo del 57%, misurato sulle 9 righe del file che indicano sia l'asking price sia il prezzo a cui l'immobile si vende (intervallo osservato 33%-85%, mediana 59%). Risultato: 68.340 EUR. Il valore teorico di mercato (89.175 EUR) e superiore a questa stima e non e stato usato.";"";"362,5";"310";"415";"B1";"V.POLA,V.FIUME,V.FARNITO.P.TRENTO,C.TRIESTE,V.ROMA,V.DELLE TERME";"2025-2";"Abitazioni civili";"NORMALE";"Agenzia delle Entrate - Osservatorio del Mercato Immobiliare (OMI) - 2025 - semestre 2";"https://www1.agenziaentrate.gov.it/servizi/geopoi_omi/stampaomi.php?D667/FR00000222/20252/R/B1/0/0";"2025-2"
"69";"FAB III";"Villa Latina";"FR";"";"Terreni agricoli";"9103";"30000";;;"";"17085";"realizzo-su-prezzo-richiesto";"0,5695";"BASSA";"Prezzo di rivendita realistico entro 12 mesi. Base: il piu basso fra i prezzi ai quali l'immobile e gia offerto senza essersi venduto (asking price del file 30.000 EUR), cioe 30.000 EUR. Su questo si applica il coefficiente di realizzo del 57%, misurato sulle 9 righe del file che indicano sia l'asking price sia il prezzo a cui l'immobile si vende (intervallo osservato 33%-85%, mediana 59%). Risultato: 17.085 EUR.";"Terreno: l'OMI non pubblica quotazioni per i terreni e il mercato e poco liquido. Una vendita entro 12 mesi non e scontata. | Serve una stima da comparabili di mercato o da fonte specifica per la tipologia.";;;;"B1";"VILLAGGIO PESCHIERA, VIA ROMA";"2025-2";"";"";"";"";""
"70";"FAB III";"Grado";"GO";"P.zza V. Carpaccio 24";"Commerciale";"45";"60000";;"124875";"SI";"34170";"realizzo-su-prezzo-richiesto";"0,5695";"BASSA";"Prezzo di rivendita realistico entro 12 mesi. Base: il piu basso fra i prezzi ai quali l'immobile e gia offerto senza essersi venduto (asking price del file 60.000 EUR), cioe 60.000 EUR. Su questo si applica il coefficiente di realizzo del 57%, misurato sulle 9 righe del file che indicano sia l'asking price sia il prezzo a cui l'immobile si vende (intervallo osservato 33%-85%, mediana 59%). Risultato: 34.170 EUR.";"BLOCCO DI PLAUSIBILITA': il valore teorico di mercato (124.875 EUR) supera il prezzo a cui l'immobile e gia offerto senza essersi venduto (60.000 EUR). Non viene usato: servirebbero comparabili recenti, realmente simili, a prezzi superiori. La stima e ricondotta al valore prudenziale. | Immobile occupato: lo stato occupazionale allunga i tempi e riduce il prezzo realizzabile. | Immobile occupato: lo stato occupazionale riduce il prezzo realizzabile e allunga i tempi; la quotazione OMI si riferisce a immobile libero. | Il prezzo richiesto implica 1333 EUR/mq, pari al 59% del minimo OMI di zona: verificare la superficie commerciale e lo stato dell'immobile.";"2775";"2250";"3300";"B2";"CENTRO STORICO - PORTO - VIALE EUROPA UNITA - VIALE REGINA ELENA - VIALE DANTE - LARGO SAN GRISOGONO";"2025-2";"Negozi";"NORMALE";"Agenzia delle Entrate - Osservatorio del Mercato Immobiliare (OMI) - 2025 - semestre 2";"https://www1.agenziaentrate.gov.it/servizi/geopoi_omi/stampaomi.php?E125/GO00000679/20252/C/B2/0/0";"2025-2"
"71";"FAB III";"Lecco";"LC";"Via Torri Tarelli, 29";"Altro";"103";"95000";;;"";"54102";"realizzo-su-prezzo-richiesto";"0,5695";"BASSA";"Prezzo di rivendita realistico entro 12 mesi. Base: il piu basso fra i prezzi ai quali l'immobile e gia offerto senza essersi venduto (asking price del file 95.000 EUR), cioe 95.000 EUR. Su questo si applica il coefficiente di realizzo del 57%, misurato sulle 9 righe del file che indicano sia l'asking price sia il prezzo a cui l'immobile si vende (intervallo osservato 33%-85%, mediana 59%). Risultato: 54.102 EUR.";"Serve una stima da comparabili di mercato o da fonte specifica per la tipologia.";;;;"B2";"CENTRO 2  L. LARIO BATTISTI - VIA C. PORTA - PIAZZA MANZONI";"2025-2";"";"";"";"";""
"72";"FAB III";"Montecarlo";"LU";"via Prov. Di Montecarlo 129";"Residenziale";"1020";"250000";;;"";"142375";"realizzo-su-prezzo-richiesto";"0,5695";"BASSA";"Prezzo di rivendita realistico entro 12 mesi. Base: il piu basso fra i prezzi ai quali l'immobile e gia offerto senza essersi venduto (asking price del file 250.000 EUR), cioe 250.000 EUR. Su questo si applica il coefficiente di realizzo del 57%, misurato sulle 9 righe del file che indicano sia l'asking price sia il prezzo a cui l'immobile si vende (intervallo osservato 33%-85%, mediana 59%). Risultato: 142.375 EUR.";"Immobile occupato: lo stato occupazionale allunga i tempi e riduce il prezzo realizzabile. | La superficie del file non e compatibile con un fabbricato: nessuna stima per metro quadro e utilizzabile, la valutazione poggia solo sul prezzo richiesto. | Immobile occupato: lo stato occupazionale riduce il prezzo realizzabile e allunga i tempi; la quotazione OMI si riferisce a immobile libero. | Serve la superficie commerciale reale, oppure una stima da comparabili sull immobile specifico.";"1250";"1000";"1500";"B1";"CENTRO STORICO E AREA DI COLLINA - S. GIUSEPPE - CONTEA - POGGIO BALDINO,FORNACE,CORTE PANATTONCELLI";"2025-2";"Abitazioni civili";"NORMALE";"Agenzia delle Entrate - Osservatorio del Mercato Immobiliare (OMI) - 2025 - semestre 2";"https://www1.agenziaentrate.gov.it/servizi/geopoi_omi/stampaomi.php?F452/LU00000098/20252/R/B1/0/0";"2025-2"
"73";"FAB III";"Santo Stefano di Camastra";"ME";"Contrada Torrazza";"Commerciale";"344";"200000";"200000";"200000";"";"113900";"realizzo-su-prezzo-richiesto";"0,5695";"ALTA";"Prezzo di rivendita realistico entro 12 mesi. Base: il piu basso fra i prezzi ai quali l'immobile e gia offerto senza essersi venduto (asking price del file 200.000 EUR ; prezzo dell'annuncio pubblico 200.000 EUR), cioe 200.000 EUR. Su questo si applica il coefficiente di realizzo del 57%, misurato sulle 9 righe del file che indicano sia l'asking price sia il prezzo a cui l'immobile si vende (intervallo osservato 33%-85%, mediana 59%). Risultato: 113.900 EUR. Il valore teorico di mercato (200.000 EUR) e superiore a questa stima e non e stato usato.";"Il valore e un prezzo RICHIESTO, non un prezzo di vendita concluso: il realizzo effettivo sara di norma inferiore per effetto della trattativa. | Superficie annuncio 318 mq contro 344 mq del file: stesso indirizzo e stesso venditore.";"581,4";;;"B1";"CENTRO URBANO, C.DA CARCARELLA, C.DA CHIUSA";"2025-2";"";"";"Immobiliare.it - annuncio di vendita dello stesso immobile, pubblicato da iQera Italia SPA";"https://www.immobiliare.it/annunci/132268412/";"2026-09-09"
"74";"FAB III";"Venetico";"ME";"Via Siracusano 98";"Altro";"191";"40000";;;"";"22780";"realizzo-su-prezzo-richiesto";"0,5695";"BASSA";"Prezzo di rivendita realistico entro 12 mesi. Base: il piu basso fra i prezzi ai quali l'immobile e gia offerto senza essersi venduto (asking price del file 40.000 EUR), cioe 40.000 EUR. Su questo si applica il coefficiente di realizzo del 57%, misurato sulle 9 righe del file che indicano sia l'asking price sia il prezzo a cui l'immobile si vende (intervallo osservato 33%-85%, mediana 59%). Risultato: 22.780 EUR.";"Serve una stima da comparabili di mercato o da fonte specifica per la tipologia.";;;;"B2";"CENTRO ABITATO-ZONA BALNEARE";"2025-2";"";"";"";"";""
"75";"FAB III";"Bollate";"MI";"VIA PASCOLI/ Via Caduti Bollatesi, 24";"Commerciale";"613";"600000";;"934825";"SI";"341700";"realizzo-su-prezzo-richiesto";"0,5695";"MEDIA";"Prezzo di rivendita realistico entro 12 mesi. Base: il piu basso fra i prezzi ai quali l'immobile e gia offerto senza essersi venduto (asking price del file 600.000 EUR), cioe 600.000 EUR. Su questo si applica il coefficiente di realizzo del 57%, misurato sulle 9 righe del file che indicano sia l'asking price sia il prezzo a cui l'immobile si vende (intervallo osservato 33%-85%, mediana 59%). Risultato: 341.700 EUR.";"BLOCCO DI PLAUSIBILITA': il valore teorico di mercato (934.825 EUR) supera il prezzo a cui l'immobile e gia offerto senza essersi venduto (600.000 EUR). Non viene usato: servirebbero comparabili recenti, realmente simili, a prezzi superiori. La stima e ricondotta al valore prudenziale.";"1525";"1250";"1800";"B1";"CENTRO URBANO";"2025-2";"Negozi";"NORMALE";"Agenzia delle Entrate - Osservatorio del Mercato Immobiliare (OMI) - 2025 - semestre 2";"https://www1.agenziaentrate.gov.it/servizi/geopoi_omi/stampaomi.php?A940/MI00004456/20252/C/B1/0/0";"2025-2"
"76";"FAB III";"Desio";"MI";"Via Nuova Valassina 72";"Terreni agricoli";"6500";"220000";"250000";"250000";"SI";"125290";"realizzo-su-prezzo-richiesto";"0,5695";"ALTA";"Prezzo di rivendita realistico entro 12 mesi. Base: il piu basso fra i prezzi ai quali l'immobile e gia offerto senza essersi venduto (asking price del file 220.000 EUR ; prezzo dell'annuncio pubblico 250.000 EUR), cioe 220.000 EUR. Su questo si applica il coefficiente di realizzo del 57%, misurato sulle 9 righe del file che indicano sia l'asking price sia il prezzo a cui l'immobile si vende (intervallo osservato 33%-85%, mediana 59%). Risultato: 125.290 EUR.";"BLOCCO DI PLAUSIBILITA': il valore teorico di mercato (250.000 EUR) supera il prezzo a cui l'immobile e gia offerto senza essersi venduto (220.000 EUR). Non viene usato: servirebbero comparabili recenti, realmente simili, a prezzi superiori. La stima e ricondotta al valore prudenziale. | Terreno: l'OMI non pubblica quotazioni per i terreni e il mercato e poco liquido. Una vendita entro 12 mesi non e scontata. | Sul mercato l'immobile e offerto a 250.000 EUR, cioe il 114% dell'asking price del file, e non risulta venduto. | Il valore e un prezzo RICHIESTO, non un prezzo di vendita concluso: il realizzo effettivo sara di norma inferiore per effetto della trattativa.";"38,46";;;"D1";"SAN GIUSEPPE, NUOVA VALASSINA, SABOTINO, CARAVAGGIO";"2025-2";"";"";"Immobiliare.it - annuncio di vendita dello stesso immobile, pubblicato da iQera Italia SPA";"https://www.immobiliare.it/annunci/97376632/";"2026-09-09"
"77";"FAB III";"Garbagnate Milanese";"MI";"VIALE KENNEDY 15";"Commerciale";"215";"110000";"145000";"145000";"SI";"62645";"realizzo-su-prezzo-richiesto";"0,5695";"ALTA";"Prezzo di rivendita realistico entro 12 mesi. Base: il piu basso fra i prezzi ai quali l'immobile e gia offerto senza essersi venduto (asking price del file 110.000 EUR ; prezzo dell'annuncio pubblico 145.000 EUR), cioe 110.000 EUR. Su questo si applica il coefficiente di realizzo del 57%, misurato sulle 9 righe del file che indicano sia l'asking price sia il prezzo a cui l'immobile si vende (intervallo osservato 33%-85%, mediana 59%). Risultato: 62.645 EUR.";"BLOCCO DI PLAUSIBILITA': il valore teorico di mercato (145.000 EUR) supera il prezzo a cui l'immobile e gia offerto senza essersi venduto (110.000 EUR). Non viene usato: servirebbero comparabili recenti, realmente simili, a prezzi superiori. La stima e ricondotta al valore prudenziale. | Immobile locato: lo stato occupazionale allunga i tempi e riduce il prezzo realizzabile. | Sul mercato l'immobile e offerto a 145.000 EUR, cioe il 132% dell'asking price del file, e non risulta venduto. | Il valore e un prezzo RICHIESTO, non un prezzo di vendita concluso: il realizzo effettivo sara di norma inferiore per effetto della trattativa.";"674,42";;;"D1";"I MAGGIO, BARIANA, ENRICO FERMI";"2025-2";"";"";"Immobiliare.it - annuncio di vendita dello stesso immobile, pubblicato da iQera Italia SPA";"https://www.immobiliare.it/annunci/97331908/";"2026-09-09"
"78";"FAB III";"Milano";"MI";"Via Durando 38";"Uffici";"2071,07";"5000000";;"4349247";"";"2847500";"realizzo-su-prezzo-richiesto";"0,5695";"ALTA";"Prezzo di rivendita realistico entro 12 mesi. Base: il piu basso fra i prezzi ai quali l'immobile e gia offerto senza essersi venduto (asking price del file 5.000.000 EUR), cioe 5.000.000 EUR. Su questo si applica il coefficiente di realizzo del 57%, misurato sulle 9 righe del file che indicano sia l'asking price sia il prezzo a cui l'immobile si vende (intervallo osservato 33%-85%, mediana 59%). Risultato: 2.847.500 EUR. Il valore teorico di mercato (4.349.247 EUR) e superiore a questa stima e non e stato usato.";"Stato conservativo 'normale' non pubblicato per questa tipologia: usato 'OTTIMO'.";"2100";"1600";"2600";"D31";"BOVISA, BAUSAN, IMBONATI";"2025-2";"Uffici";"OTTIMO";"Agenzia delle Entrate - Osservatorio del Mercato Immobiliare (OMI) - 2025 - semestre 2";"https://www1.agenziaentrate.gov.it/servizi/geopoi_omi/stampaomi.php?F205/MI00004778/20252/T/D31/0/0";"2025-2"
"79";"FAB III";"Milano";"MI";"VIA F RISMONDO 9";"Altro";"108";"64000";;;"";"36448";"realizzo-su-prezzo-richiesto";"0,5695";"BASSA";"Prezzo di rivendita realistico entro 12 mesi. Base: il piu basso fra i prezzi ai quali l'immobile e gia offerto senza essersi venduto (asking price del file 64.000 EUR), cioe 64.000 EUR. Su questo si applica il coefficiente di realizzo del 57%, misurato sulle 9 righe del file che indicano sia l'asking price sia il prezzo a cui l'immobile si vende (intervallo osservato 33%-85%, mediana 59%). Risultato: 36.448 EUR.";"Serve una stima da comparabili di mercato o da fonte specifica per la tipologia.";;;;"E5";"BAGGIO, Q. ROMANO, MUGGIANO";"2025-2";"";"";"";"";""
"80";"FAB III";"Monza";"MI";"VIA CAVALLOTTI 45";"Uffici";"515";"630000";;"1133000";"SI";"358785";"realizzo-su-prezzo-richiesto";"0,5695";"MEDIA";"Prezzo di rivendita realistico entro 12 mesi. Base: il piu basso fra i prezzi ai quali l'immobile e gia offerto senza essersi venduto (asking price del file 630.000 EUR), cioe 630.000 EUR. Su questo si applica il coefficiente di realizzo del 57%, misurato sulle 9 righe del file che indicano sia l'asking price sia il prezzo a cui l'immobile si vende (intervallo osservato 33%-85%, mediana 59%). Risultato: 358.785 EUR.";"BLOCCO DI PLAUSIBILITA': il valore teorico di mercato (1.133.000 EUR) supera il prezzo a cui l'immobile e gia offerto senza essersi venduto (630.000 EUR). Non viene usato: servirebbero comparabili recenti, realmente simili, a prezzi superiori. La stima e ricondotta al valore prudenziale. | Stato conservativo 'normale' non pubblicato per questa tipologia: usato 'OTTIMO'.";"2200";"1900";"2500";"B1";"C. BATTISTI, BOCCACCIO, MONTECASSINO, MAGELLANO, FERROVIA, BERGAMO, RANDACCIO, D`AZEGLIO, BIANCHI, EDISON, VILLORESI -";"2025-2";"Uffici";"OTTIMO";"Agenzia delle Entrate - Osservatorio del Mercato Immobiliare (OMI) - 2025 - semestre 2";"https://www1.agenziaentrate.gov.it/servizi/geopoi_omi/stampaomi.php?F704/MI00001469/20252/T/B1/0/0";"2025-2"
"81";"FAB III";"Muggio'";"MI";"via Lodi 1 ang. Via Milano";"Commerciale";"300";"420000";;"352500";"";"239190";"realizzo-su-prezzo-richiesto";"0,5695";"ALTA";"Prezzo di rivendita realistico entro 12 mesi. Base: il piu basso fra i prezzi ai quali l'immobile e gia offerto senza essersi venduto (asking price del file 420.000 EUR), cioe 420.000 EUR. Su questo si applica il coefficiente di realizzo del 57%, misurato sulle 9 righe del file che indicano sia l'asking price sia il prezzo a cui l'immobile si vende (intervallo osservato 33%-85%, mediana 59%). Risultato: 239.190 EUR. Il valore teorico di mercato (352.500 EUR) e superiore a questa stima e non e stato usato.";"Immobile locato: lo stato occupazionale allunga i tempi e riduce il prezzo realizzabile. | Immobile locato: lo stato occupazionale riduce il prezzo realizzabile e allunga i tempi; la quotazione OMI si riferisce a immobile libero.";"1175";"950";"1400";"D1";"PERIFERIA";"2025-2";"Negozi";"NORMALE";"Agenzia delle Entrate - Osservatorio del Mercato Immobiliare (OMI) - 2025 - semestre 2";"https://www1.agenziaentrate.gov.it/servizi/geopoi_omi/stampaomi.php?F797/MI00002598/20252/C/D1/0/0";"2025-2"
"82";"FAB III";"Nova Milanese";"MI";"Via Saragat, 4";"Commerciale";"1442";"1700000";;"1946700";"SI";"968150";"realizzo-su-prezzo-richiesto";"0,5695";"MEDIA";"Prezzo di rivendita realistico entro 12 mesi. Base: il piu basso fra i prezzi ai quali l'immobile e gia offerto senza essersi venduto (asking price del file 1.700.000 EUR), cioe 1.700.000 EUR. Su questo si applica il coefficiente di realizzo del 57%, misurato sulle 9 righe del file che indicano sia l'asking price sia il prezzo a cui l'immobile si vende (intervallo osservato 33%-85%, mediana 59%). Risultato: 968.150 EUR.";"BLOCCO DI PLAUSIBILITA': il valore teorico di mercato (1.946.700 EUR) supera il prezzo a cui l'immobile e gia offerto senza essersi venduto (1.700.000 EUR). Non viene usato: servirebbero comparabili recenti, realmente simili, a prezzi superiori. La stima e ricondotta al valore prudenziale.";"1350";"900";"1800";"D1";"PERIFERIA";"2025-2";"Negozi";"NORMALE";"Agenzia delle Entrate - Osservatorio del Mercato Immobiliare (OMI) - 2025 - semestre 2";"https://www1.agenziaentrate.gov.it/servizi/geopoi_omi/stampaomi.php?F944/MI00004386/20252/C/D1/0/0";"2025-2"
"83";"FAB III";"Seregno";"MI";"Galleria Kennedy 10";"Commerciale";"90";"165000";;"148500";"";"93968";"realizzo-su-prezzo-richiesto";"0,5695";"ALTA";"Prezzo di rivendita realistico entro 12 mesi. Base: il piu basso fra i prezzi ai quali l'immobile e gia offerto senza essersi venduto (asking price del file 165.000 EUR), cioe 165.000 EUR. Su questo si applica il coefficiente di realizzo del 57%, misurato sulle 9 righe del file che indicano sia l'asking price sia il prezzo a cui l'immobile si vende (intervallo osservato 33%-85%, mediana 59%). Risultato: 93.968 EUR. Il valore teorico di mercato (148.500 EUR) e superiore a questa stima e non e stato usato.";"";"1650";"1300";"2000";"B2";"STOPPANI, CIRCONVALLAZIONE, FERROVIA, BEATO ANGELICO";"2025-2";"Negozi";"NORMALE";"Agenzia delle Entrate - Osservatorio del Mercato Immobiliare (OMI) - 2025 - semestre 2";"https://www1.agenziaentrate.gov.it/servizi/geopoi_omi/stampaomi.php?I625/MI00011496/20252/C/B2/0/0";"2025-2"
"84";"FAB III";"Camposanto";"MO";"Via E Fermi terreno";"Terreni agricoli";"904";"90000";;;"";"51255";"realizzo-su-prezzo-richiesto";"0,5695";"BASSA";"Prezzo di rivendita realistico entro 12 mesi. Base: il piu basso fra i prezzi ai quali l'immobile e gia offerto senza essersi venduto (asking price del file 90.000 EUR), cioe 90.000 EUR. Su questo si applica il coefficiente di realizzo del 57%, misurato sulle 9 righe del file che indicano sia l'asking price sia il prezzo a cui l'immobile si vende (intervallo osservato 33%-85%, mediana 59%). Risultato: 51.255 EUR.";"Terreno: l'OMI non pubblica quotazioni per i terreni e il mercato e poco liquido. Una vendita entro 12 mesi non e scontata. | Serve una stima da comparabili di mercato o da fonte specifica per la tipologia.";;;;"B2";"CAPOLUOGO - CENTRO URBANO";"2025-2";"";"";"";"";""
"85";"FAB III";"Camposanto";"MO";"Via E. Fermi A";"Residenziale";"1271";"530000";;"1239225";"SI";"301835";"realizzo-su-prezzo-richiesto";"0,5695";"BASSA";"Prezzo di rivendita realistico entro 12 mesi. Base: il piu basso fra i prezzi ai quali l'immobile e gia offerto senza essersi venduto (asking price del file 530.000 EUR), cioe 530.000 EUR. Su questo si applica il coefficiente di realizzo del 57%, misurato sulle 9 righe del file che indicano sia l'asking price sia il prezzo a cui l'immobile si vende (intervallo osservato 33%-85%, mediana 59%). Risultato: 301.835 EUR.";"BLOCCO DI PLAUSIBILITA': il valore teorico di mercato (1.239.225 EUR) supera il prezzo a cui l'immobile e gia offerto senza essersi venduto (530.000 EUR). Non viene usato: servirebbero comparabili recenti, realmente simili, a prezzi superiori. La stima e ricondotta al valore prudenziale. | Il prezzo richiesto implica 417 EUR/mq, pari al 52% del minimo OMI di zona: verificare la superficie commerciale e lo stato dell'immobile.";"975";"800";"1150";"B2";"CAPOLUOGO - CENTRO URBANO";"2025-2";"Abitazioni civili";"NORMALE";"Agenzia delle Entrate - Osservatorio del Mercato Immobiliare (OMI) - 2025 - semestre 2";"https://www1.agenziaentrate.gov.it/servizi/geopoi_omi/stampaomi.php?B566/MO00002494/20252/R/B2/0/0";"2025-2"
"86";"FAB III";"Camposanto";"MO";"Via E. Fermi B";"Residenziale";"726";"325000";;"707850";"SI";"185088";"realizzo-su-prezzo-richiesto";"0,5695";"BASSA";"Prezzo di rivendita realistico entro 12 mesi. Base: il piu basso fra i prezzi ai quali l'immobile e gia offerto senza essersi venduto (asking price del file 325.000 EUR), cioe 325.000 EUR. Su questo si applica il coefficiente di realizzo del 57%, misurato sulle 9 righe del file che indicano sia l'asking price sia il prezzo a cui l'immobile si vende (intervallo osservato 33%-85%, mediana 59%). Risultato: 185.088 EUR.";"BLOCCO DI PLAUSIBILITA': il valore teorico di mercato (707.850 EUR) supera il prezzo a cui l'immobile e gia offerto senza essersi venduto (325.000 EUR). Non viene usato: servirebbero comparabili recenti, realmente simili, a prezzi superiori. La stima e ricondotta al valore prudenziale. | Il prezzo richiesto implica 448 EUR/mq, pari al 56% del minimo OMI di zona: verificare la superficie commerciale e lo stato dell'immobile.";"975";"800";"1150";"B2";"CAPOLUOGO - CENTRO URBANO";"2025-2";"Abitazioni civili";"NORMALE";"Agenzia delle Entrate - Osservatorio del Mercato Immobiliare (OMI) - 2025 - semestre 2";"https://www1.agenziaentrate.gov.it/servizi/geopoi_omi/stampaomi.php?B566/MO00002494/20252/R/B2/0/0";"2025-2"
"87";"FAB III";"Camposanto";"MO";"Via Marconi";"Terreni agricoli";"988";"110000";;;"";"62645";"realizzo-su-prezzo-richiesto";"0,5695";"BASSA";"Prezzo di rivendita realistico entro 12 mesi. Base: il piu basso fra i prezzi ai quali l'immobile e gia offerto senza essersi venduto (asking price del file 110.000 EUR), cioe 110.000 EUR. Su questo si applica il coefficiente di realizzo del 57%, misurato sulle 9 righe del file che indicano sia l'asking price sia il prezzo a cui l'immobile si vende (intervallo osservato 33%-85%, mediana 59%). Risultato: 62.645 EUR.";"Terreno: l'OMI non pubblica quotazioni per i terreni e il mercato e poco liquido. Una vendita entro 12 mesi non e scontata. | Serve una stima da comparabili di mercato o da fonte specifica per la tipologia.";;;;"B2";"CAPOLUOGO - CENTRO URBANO";"2025-2";"";"";"";"";""
"88";"FAB III";"Camposanto";"MO";"Via XXV Aprile";"Residenziale";"399";"115000";;"389025";"SI";"65492";"realizzo-su-prezzo-richiesto";"0,5695";"BASSA";"Prezzo di rivendita realistico entro 12 mesi. Base: il piu basso fra i prezzi ai quali l'immobile e gia offerto senza essersi venduto (asking price del file 115.000 EUR), cioe 115.000 EUR. Su questo si applica il coefficiente di realizzo del 57%, misurato sulle 9 righe del file che indicano sia l'asking price sia il prezzo a cui l'immobile si vende (intervallo osservato 33%-85%, mediana 59%). Risultato: 65.492 EUR.";"BLOCCO DI PLAUSIBILITA': il valore teorico di mercato (389.025 EUR) supera il prezzo a cui l'immobile e gia offerto senza essersi venduto (115.000 EUR). Non viene usato: servirebbero comparabili recenti, realmente simili, a prezzi superiori. La stima e ricondotta al valore prudenziale. | Il prezzo richiesto implica 288 EUR/mq, pari al 36% del minimo OMI di zona: verificare la superficie commerciale e lo stato dell'immobile.";"975";"800";"1150";"B2";"CAPOLUOGO - CENTRO URBANO";"2025-2";"Abitazioni civili";"NORMALE";"Agenzia delle Entrate - Osservatorio del Mercato Immobiliare (OMI) - 2025 - semestre 2";"https://www1.agenziaentrate.gov.it/servizi/geopoi_omi/stampaomi.php?B566/MO00002494/20252/R/B2/0/0";"2025-2"
"89";"FAB III";"Castelnuovo Rangone";"MO";"Via Boni 15";"Residenziale";"2499";"1450000";;"4748100";"SI";"825775";"realizzo-su-prezzo-richiesto";"0,5695";"BASSA";"Prezzo di rivendita realistico entro 12 mesi. Base: il piu basso fra i prezzi ai quali l'immobile e gia offerto senza essersi venduto (asking price del file 1.450.000 EUR), cioe 1.450.000 EUR. Su questo si applica il coefficiente di realizzo del 57%, misurato sulle 9 righe del file che indicano sia l'asking price sia il prezzo a cui l'immobile si vende (intervallo osservato 33%-85%, mediana 59%). Risultato: 825.775 EUR.";"BLOCCO DI PLAUSIBILITA': il valore teorico di mercato (4.748.100 EUR) supera il prezzo a cui l'immobile e gia offerto senza essersi venduto (1.450.000 EUR). Non viene usato: servirebbero comparabili recenti, realmente simili, a prezzi superiori. La stima e ricondotta al valore prudenziale. | Il prezzo richiesto implica 580 EUR/mq, pari al 37% del minimo OMI di zona: verificare la superficie commerciale e lo stato dell'immobile.";"1900";"1550";"2250";"E4";"FRAZIONE DI MONTALE";"2025-2";"Abitazioni civili";"NORMALE";"Agenzia delle Entrate - Osservatorio del Mercato Immobiliare (OMI) - 2025 - semestre 2";"https://www1.agenziaentrate.gov.it/servizi/geopoi_omi/stampaomi.php?C242/MO00002737/20252/R/E4/0/0";"2025-2"
"90";"FAB III";"Concordia Sulla Secchia";"MO";"Via Buffagni 2";"Residenziale";"670";"280000";;"569500";"SI";"159460";"realizzo-su-prezzo-richiesto";"0,5695";"BASSA";"Prezzo di rivendita realistico entro 12 mesi. Base: il piu basso fra i prezzi ai quali l'immobile e gia offerto senza essersi venduto (asking price del file 280.000 EUR), cioe 280.000 EUR. Su questo si applica il coefficiente di realizzo del 57%, misurato sulle 9 righe del file che indicano sia l'asking price sia il prezzo a cui l'immobile si vende (intervallo osservato 33%-85%, mediana 59%). Risultato: 159.460 EUR.";"BLOCCO DI PLAUSIBILITA': il valore teorico di mercato (569.500 EUR) supera il prezzo a cui l'immobile e gia offerto senza essersi venduto (280.000 EUR). Non viene usato: servirebbero comparabili recenti, realmente simili, a prezzi superiori. La stima e ricondotta al valore prudenziale. | Immobile occupato: lo stato occupazionale allunga i tempi e riduce il prezzo realizzabile. | Immobile occupato: lo stato occupazionale riduce il prezzo realizzabile e allunga i tempi; la quotazione OMI si riferisce a immobile libero. | Il prezzo richiesto implica 418 EUR/mq, pari al 60% del minimo OMI di zona: verificare la superficie commerciale e lo stato dell'immobile.";"850";"700";"1000";"B3";"CAPOLUOGO - CENTRO URBANO";"2025-2";"Abitazioni civili";"NORMALE";"Agenzia delle Entrate - Osservatorio del Mercato Immobiliare (OMI) - 2025 - semestre 2";"https://www1.agenziaentrate.gov.it/servizi/geopoi_omi/stampaomi.php?C951/MO00009896/20252/R/B3/0/0";"2025-2"
"91";"FAB III";"Concordia sulla Secchia";"MO";"Via Pederzoli";"Residenziale";"1039";"325000";;"883150";"SI";"185088";"realizzo-su-prezzo-richiesto";"0,5695";"BASSA";"Prezzo di rivendita realistico entro 12 mesi. Base: il piu basso fra i prezzi ai quali l'immobile e gia offerto senza essersi venduto (asking price del file 325.000 EUR), cioe 325.000 EUR. Su questo si applica il coefficiente di realizzo del 57%, misurato sulle 9 righe del file che indicano sia l'asking price sia il prezzo a cui l'immobile si vende (intervallo osservato 33%-85%, mediana 59%). Risultato: 185.088 EUR.";"BLOCCO DI PLAUSIBILITA': il valore teorico di mercato (883.150 EUR) supera il prezzo a cui l'immobile e gia offerto senza essersi venduto (325.000 EUR). Non viene usato: servirebbero comparabili recenti, realmente simili, a prezzi superiori. La stima e ricondotta al valore prudenziale. | Immobile occupato: lo stato occupazionale allunga i tempi e riduce il prezzo realizzabile. | Immobile occupato: lo stato occupazionale riduce il prezzo realizzabile e allunga i tempi; la quotazione OMI si riferisce a immobile libero. | Il prezzo richiesto implica 313 EUR/mq, pari al 45% del minimo OMI di zona: verificare la superficie commerciale e lo stato dell'immobile.";"850";"700";"1000";"B3";"CAPOLUOGO - CENTRO URBANO";"2025-2";"Abitazioni civili";"NORMALE";"Agenzia delle Entrate - Osservatorio del Mercato Immobiliare (OMI) - 2025 - semestre 2";"https://www1.agenziaentrate.gov.it/servizi/geopoi_omi/stampaomi.php?C951/MO00009896/20252/R/B3/0/0";"2025-2"
"92";"FAB III";"Modena";"MO";"Via Fossa Monda nord 240 int 3";"Residenziale";"15317";"1100000";;"650000";"";"650000";"file";"0,5695";"DATO DA FILE";"Prezzo di vendita gia indicato nella colonna Â«a quanto si vende info 09/2026Â» del file: usato invariato, non ricalcolato. Corrisponde al 59% dell'asking price del file (1100000 EUR).";"Valore teorico di mercato per confronto: 650.000 EUR.";"42,44";;;"R3";"ZONA AGRICOLA";"2025-2";"";"";"Colonna ""a quanto si vende info 09/2026"" del file Excel";"https://www1.agenziaentrate.gov.it/servizi/geopoi_omi/stampaomi.php?F257/MO00002936/20252/R/R3/0/0";"2026-09"
"93";"FAB III";"San Felice sul Panaro";"MO";"Via Dogaro";"Residenziale";"2943,4";"45000";;;"";"25628";"realizzo-su-prezzo-richiesto";"0,5695";"BASSA";"Prezzo di rivendita realistico entro 12 mesi. Base: il piu basso fra i prezzi ai quali l'immobile e gia offerto senza essersi venduto (asking price del file 45.000 EUR), cioe 45.000 EUR. Su questo si applica il coefficiente di realizzo del 57%, misurato sulle 9 righe del file che indicano sia l'asking price sia il prezzo a cui l'immobile si vende (intervallo osservato 33%-85%, mediana 59%). Risultato: 25.628 EUR.";"La superficie del file non e compatibile con un fabbricato: nessuna stima per metro quadro e utilizzabile, la valutazione poggia solo sul prezzo richiesto. | Serve la superficie commerciale reale, oppure una stima da comparabili sull immobile specifico.";"775";"650";"900";"R1";"ZONA AGRICOLA";"2025-2";"Abitazioni civili";"NORMALE";"Agenzia delle Entrate - Osservatorio del Mercato Immobiliare (OMI) - 2025 - semestre 2";"https://www1.agenziaentrate.gov.it/servizi/geopoi_omi/stampaomi.php?H835/MO00002851/20252/R/R1/0/0";"2025-2"
"94";"FAB III";"San Prospero";"MO";"Via Bertelli";"Residenziale";"1644";"470000";;"1808400";"SI";"267665";"realizzo-su-prezzo-richiesto";"0,5695";"BASSA";"Prezzo di rivendita realistico entro 12 mesi. Base: il piu basso fra i prezzi ai quali l'immobile e gia offerto senza essersi venduto (asking price del file 470.000 EUR), cioe 470.000 EUR. Su questo si applica il coefficiente di realizzo del 57%, misurato sulle 9 righe del file che indicano sia l'asking price sia il prezzo a cui l'immobile si vende (intervallo osservato 33%-85%, mediana 59%). Risultato: 267.665 EUR.";"BLOCCO DI PLAUSIBILITA': il valore teorico di mercato (1.808.400 EUR) supera il prezzo a cui l'immobile e gia offerto senza essersi venduto (470.000 EUR). Non viene usato: servirebbero comparabili recenti, realmente simili, a prezzi superiori. La stima e ricondotta al valore prudenziale. | Il prezzo richiesto implica 286 EUR/mq, pari al 32% del minimo OMI di zona: verificare la superficie commerciale e lo stato dell'immobile.";"1100";"900";"1300";"B2";"CAPOLUOGO - CENTRO URBANO";"2025-2";"Abitazioni civili";"NORMALE";"Agenzia delle Entrate - Osservatorio del Mercato Immobiliare (OMI) - 2025 - semestre 2";"https://www1.agenziaentrate.gov.it/servizi/geopoi_omi/stampaomi.php?I133/MO00002672/20252/R/B2/0/0";"2025-2"
"95";"FAB III";"Sassuolo";"MO";"Via Boito 87 /Via Cilea 7";"Residenziale";"565";"940000";;"550000";"";"550000";"file";"0,5695";"DATO DA FILE";"Prezzo di vendita gia indicato nella colonna Â«a quanto si vende info 09/2026Â» del file: usato invariato, non ricalcolato. Corrisponde al 59% dell'asking price del file (940000 EUR).";"Valore teorico di mercato per confronto: 550.000 EUR.";"973,45";;;"B2";"CAPOLUOGO - CENTRO URBANO";"2025-2";"";"";"Colonna ""a quanto si vende info 09/2026"" del file Excel";"https://www1.agenziaentrate.gov.it/servizi/geopoi_omi/stampaomi.php?I462/MO00002869/20252/R/B2/0/0";"2026-09"
"96";"FAB III";"Sassuolo";"MO";"VIA VESPUCCI 12";"Uffici";"101";"125000";;"95950";"";"71188";"realizzo-su-prezzo-richiesto";"0,5695";"ALTA";"Prezzo di rivendita realistico entro 12 mesi. Base: il piu basso fra i prezzi ai quali l'immobile e gia offerto senza essersi venduto (asking price del file 125.000 EUR), cioe 125.000 EUR. Su questo si applica il coefficiente di realizzo del 57%, misurato sulle 9 righe del file che indicano sia l'asking price sia il prezzo a cui l'immobile si vende (intervallo osservato 33%-85%, mediana 59%). Risultato: 71.188 EUR. Il valore teorico di mercato (95.950 EUR) e superiore a questa stima e non e stato usato.";"";"950";"700";"1200";"B2";"CAPOLUOGO - CENTRO URBANO";"2025-2";"Uffici";"NORMALE";"Agenzia delle Entrate - Osservatorio del Mercato Immobiliare (OMI) - 2025 - semestre 2";"https://www1.agenziaentrate.gov.it/servizi/geopoi_omi/stampaomi.php?I462/MO00002869/20252/T/B2/0/0";"2025-2"
"97";"FAB III";"Vicolungo";"NO";"Cascina Palazzi 5";"Residenziale";"22292,200000000004";"1200000";;;"";"683400";"realizzo-su-prezzo-richiesto";"0,5695";"BASSA";"Prezzo di rivendita realistico entro 12 mesi. Base: il piu basso fra i prezzi ai quali l'immobile e gia offerto senza essersi venduto (asking price del file 1.200.000 EUR), cioe 1.200.000 EUR. Su questo si applica il coefficiente di realizzo del 57%, misurato sulle 9 righe del file che indicano sia l'asking price sia il prezzo a cui l'immobile si vende (intervallo osservato 33%-85%, mediana 59%). Risultato: 683.400 EUR.";"Immobile di grandi dimensioni (22292 mq dichiarati): la platea di acquirenti e ristretta e 12 mesi possono non bastare. | La superficie del file non e compatibile con un fabbricato: nessuna stima per metro quadro e utilizzabile, la valutazione poggia solo sul prezzo richiesto. | Superficie molto elevata (22292.200000000004 mq): probabile lotto cumulativo di piu unita, la quotazione unitaria di zona puo non essere rappresentativa. | Serve la superficie commerciale reale, oppure una stima da comparabili sull immobile specifico.";"1055";"860";"1250";"B1";"ZONA UNICA RESIDENZIALE";"2025-2";"Abitazioni civili";"NORMALE";"Agenzia delle Entrate - Osservatorio del Mercato Immobiliare (OMI) - 2025 - semestre 2";"https://www1.agenziaentrate.gov.it/servizi/geopoi_omi/stampaomi.php?L847/NO00000908/20252/R/B1/0/0";"2025-2"
"98";"FAB III";"Foligno";"PG";"via Cesare Battisti n.30";"Residenziale";"149,49";"130000";;"163692";"SI";"74035";"realizzo-su-prezzo-richiesto";"0,5695";"BASSA";"Prezzo di rivendita realistico entro 12 mesi. Base: il piu basso fra i prezzi ai quali l'immobile e gia offerto senza essersi venduto (asking price del file 130.000 EUR), cioe 130.000 EUR. Su questo si applica il coefficiente di realizzo del 57%, misurato sulle 9 righe del file che indicano sia l'asking price sia il prezzo a cui l'immobile si vende (intervallo osservato 33%-85%, mediana 59%). Risultato: 74.035 EUR.";"BLOCCO DI PLAUSIBILITA': il valore teorico di mercato (163.692 EUR) supera il prezzo a cui l'immobile e gia offerto senza essersi venduto (130.000 EUR). Non viene usato: servirebbero comparabili recenti, realmente simili, a prezzi superiori. La stima e ricondotta al valore prudenziale.";"1095";"890";"1300";"B2";"CENTRALISSIMA VIA DEL CORSO - VIA UMBERTO I - PIAZZA DELLA REPUBBLICA - VIA MAZZINI - VIA GARIBALDI";"2025-2";"Abitazioni civili";"NORMALE";"Agenzia delle Entrate - Osservatorio del Mercato Immobiliare (OMI) - 2025 - semestre 2";"https://www1.agenziaentrate.gov.it/servizi/geopoi_omi/stampaomi.php?D653/PG00000204/20252/R/B2/0/0";"2025-2"
"99";"FAB III";"Passignano sul Trasimeno";"PG";"via Mario Lucertini 22";"Residenziale";"81";"75000";;"60750";"";"42712";"realizzo-su-prezzo-richiesto";"0,5695";"ALTA";"Prezzo di rivendita realistico entro 12 mesi. Base: il piu basso fra i prezzi ai quali l'immobile e gia offerto senza essersi venduto (asking price del file 75.000 EUR), cioe 75.000 EUR. Su questo si applica il coefficiente di realizzo del 57%, misurato sulle 9 righe del file che indicano sia l'asking price sia il prezzo a cui l'immobile si vende (intervallo osservato 33%-85%, mediana 59%). Risultato: 42.712 EUR. Il valore teorico di mercato (60.750 EUR) e superiore a questa stima e non e stato usato.";"";"750";"600";"900";"C1";"ZONE LUNGO LAGO";"2025-2";"Abitazioni civili";"NORMALE";"Agenzia delle Entrate - Osservatorio del Mercato Immobiliare (OMI) - 2025 - semestre 2";"https://www1.agenziaentrate.gov.it/servizi/geopoi_omi/stampaomi.php?G359/PG00000372/20252/R/C1/0/0";"2025-2"
"100";"FAB III";"Castelfranco di Sotto";"PI";"Via De Gasperi 32";"Residenziale";"266";"170000";;"292600";"SI";"96815";"realizzo-su-prezzo-richiesto";"0,5695";"MEDIA";"Prezzo di rivendita realistico entro 12 mesi. Base: il piu basso fra i prezzi ai quali l'immobile e gia offerto senza essersi venduto (asking price del file 170.000 EUR), cioe 170.000 EUR. Su questo si applica il coefficiente di realizzo del 57%, misurato sulle 9 righe del file che indicano sia l'asking price sia il prezzo a cui l'immobile si vende (intervallo osservato 33%-85%, mediana 59%). Risultato: 96.815 EUR.";"BLOCCO DI PLAUSIBILITA': il valore teorico di mercato (292.600 EUR) supera il prezzo a cui l'immobile e gia offerto senza essersi venduto (170.000 EUR). Non viene usato: servirebbero comparabili recenti, realmente simili, a prezzi superiori. La stima e ricondotta al valore prudenziale.";"1100";"900";"1300";"B1";"CAPOLUOGO";"2025-2";"Abitazioni civili";"NORMALE";"Agenzia delle Entrate - Osservatorio del Mercato Immobiliare (OMI) - 2025 - semestre 2";"https://www1.agenziaentrate.gov.it/servizi/geopoi_omi/stampaomi.php?C113/PI00000069/20252/R/B1/0/0";"2025-2"
"101";"FAB III";"San Miniato";"PI";"Via Trento, n.72";"Uffici";"7295";"4100000";;"9118750";"SI";"2334950";"realizzo-su-prezzo-richiesto";"0,5695";"BASSA";"Prezzo di rivendita realistico entro 12 mesi. Base: il piu basso fra i prezzi ai quali l'immobile e gia offerto senza essersi venduto (asking price del file 4.100.000 EUR), cioe 4.100.000 EUR. Su questo si applica il coefficiente di realizzo del 57%, misurato sulle 9 righe del file che indicano sia l'asking price sia il prezzo a cui l'immobile si vende (intervallo osservato 33%-85%, mediana 59%). Risultato: 2.334.950 EUR.";"BLOCCO DI PLAUSIBILITA': il valore teorico di mercato (9.118.750 EUR) supera il prezzo a cui l'immobile e gia offerto senza essersi venduto (4.100.000 EUR). Non viene usato: servirebbero comparabili recenti, realmente simili, a prezzi superiori. La stima e ricondotta al valore prudenziale. | Immobile di grandi dimensioni (7295 mq dichiarati): la platea di acquirenti e ristretta e 12 mesi possono non bastare. | Immobile locato: lo stato occupazionale allunga i tempi e riduce il prezzo realizzabile. | Superficie molto elevata (7295 mq): probabile lotto cumulativo di piu unita, la quotazione unitaria di zona puo non essere rappresentativa. | Immobile locato: lo stato occupazionale riduce il prezzo realizzabile e allunga i tempi; la quotazione OMI si riferisce a immobile libero. | Il prezzo richiesto implica 562 EUR/mq, pari al 51% del minimo OMI di zona: verificare la superficie commerciale e lo stato dell'immobile.";"1250";"1100";"1400";"E2";"PONTE A EGOLA, LA CATENA, S.MINIATO BASSO, LA SCALA, PONTE A ELSA, CIGOLI, S.DON";"2025-2";"Uffici";"NORMALE";"Agenzia delle Entrate - Osservatorio del Mercato Immobiliare (OMI) - 2025 - semestre 2";"https://www1.agenziaentrate.gov.it/servizi/geopoi_omi/stampaomi.php?I046/PI00000676/20252/T/E2/0/0";"2025-2"
"102";"FAB III";"Salsomaggiore Terme";"PR";"PIAZZA BERZIERI";"Commerciale";"100";"105000";;"70000";"";"70000";"file";"0,5695";"DATO DA FILE";"Prezzo di vendita gia indicato nella colonna Â«a quanto si vende info 09/2026Â» del file: usato invariato, non ricalcolato. Corrisponde al 67% dell'asking price del file (105000 EUR).";"Valore teorico di mercato per confronto: 70.000 EUR.";"700";;;"B3";"CAPOLUOGO E ZONA TERMALE";"2025-2";"";"";"Colonna ""a quanto si vende info 09/2026"" del file Excel";"https://www1.agenziaentrate.gov.it/servizi/geopoi_omi/stampaomi.php?H720/PR00011524/20252/C/B3/0/0";"2026-09"
"103";"FAB III";"Zibello";"PR";"Via Gambara n. 8 ang. Via  Chiarenzana n. 1";"Logistico/Produttivo";"2299,76";"300000";;"373711";"SI";"170850";"realizzo-su-prezzo-richiesto";"0,5695";"MEDIA";"Prezzo di rivendita realistico entro 12 mesi. Base: il piu basso fra i prezzi ai quali l'immobile e gia offerto senza essersi venduto (asking price del file 300.000 EUR), cioe 300.000 EUR. Su questo si applica il coefficiente di realizzo del 57%, misurato sulle 9 righe del file che indicano sia l'asking price sia il prezzo a cui l'immobile si vende (intervallo osservato 33%-85%, mediana 59%). Risultato: 170.850 EUR.";"BLOCCO DI PLAUSIBILITA': il valore teorico di mercato (373.711 EUR) supera il prezzo a cui l'immobile e gia offerto senza essersi venduto (300.000 EUR). Non viene usato: servirebbero comparabili recenti, realmente simili, a prezzi superiori. La stima e ricondotta al valore prudenziale. | Immobile occupato: lo stato occupazionale allunga i tempi e riduce il prezzo realizzabile. | Immobile occupato: lo stato occupazionale riduce il prezzo realizzabile e allunga i tempi; la quotazione OMI si riferisce a immobile libero.";"162,5";"130";"195";"B1";"ZIBELLO";"2025-2";"Capannoni tipici";"NORMALE";"Agenzia delle Entrate - Osservatorio del Mercato Immobiliare (OMI) - 2025 - semestre 2";"https://www1.agenziaentrate.gov.it/servizi/geopoi_omi/stampaomi.php?M367/PR00001384/20252/P/B1/0/0";"2025-2"
"104";"FAB III";"Uzzano";"PT";"Via Giovanni Amendola, n.c. 90";"Residenziale";"794";"360000";;"873400";"SI";"205020";"realizzo-su-prezzo-richiesto";"0,5695";"BASSA";"Prezzo di rivendita realistico entro 12 mesi. Base: il piu basso fra i prezzi ai quali l'immobile e gia offerto senza essersi venduto (asking price del file 360.000 EUR), cioe 360.000 EUR. Su questo si applica il coefficiente di realizzo del 57%, misurato sulle 9 righe del file che indicano sia l'asking price sia il prezzo a cui l'immobile si vende (intervallo osservato 33%-85%, mediana 59%). Risultato: 205.020 EUR.";"BLOCCO DI PLAUSIBILITA': il valore teorico di mercato (873.400 EUR) supera il prezzo a cui l'immobile e gia offerto senza essersi venduto (360.000 EUR). Non viene usato: servirebbero comparabili recenti, realmente simili, a prezzi superiori. La stima e ricondotta al valore prudenziale. | Il prezzo richiesto implica 453 EUR/mq, pari al 45% del minimo OMI di zona: verificare la superficie commerciale e lo stato dell'immobile.";"1100";"1000";"1200";"R1";"ZONA RURALE COLLINARE";"2025-2";"Abitazioni civili";"NORMALE";"Agenzia delle Entrate - Osservatorio del Mercato Immobiliare (OMI) - 2025 - semestre 2";"https://www1.agenziaentrate.gov.it/servizi/geopoi_omi/stampaomi.php?L522/PT00011946/20252/R/R1/0/0";"2025-2"
"105";"FAB III";"Cartoceto";"PS";"Sub 4";"Residenziale";"130";"80000";;"147550";"SI";"45560";"realizzo-su-prezzo-richiesto";"0,5695";"MEDIA";"Prezzo di rivendita realistico entro 12 mesi. Base: il piu basso fra i prezzi ai quali l'immobile e gia offerto senza essersi venduto (asking price del file 80.000 EUR), cioe 80.000 EUR. Su questo si applica il coefficiente di realizzo del 57%, misurato sulle 9 righe del file che indicano sia l'asking price sia il prezzo a cui l'immobile si vende (intervallo osservato 33%-85%, mediana 59%). Risultato: 45.560 EUR.";"BLOCCO DI PLAUSIBILITA': il valore teorico di mercato (147.550 EUR) supera il prezzo a cui l'immobile e gia offerto senza essersi venduto (80.000 EUR). Non viene usato: servirebbero comparabili recenti, realmente simili, a prezzi superiori. La stima e ricondotta al valore prudenziale.";"1135";"970";"1300";"B2";"FUORI DAL CENTRO STORICO";"2025-2";"Abitazioni civili";"NORMALE";"Agenzia delle Entrate - Osservatorio del Mercato Immobiliare (OMI) - 2025 - semestre 2";"https://www1.agenziaentrate.gov.it/servizi/geopoi_omi/stampaomi.php?B846/PS00001187/20252/R/B2/0/0";"2025-2"
"106";"FAB III";"Cartoceto";"PS";"Via G. Oberdan 3/A";"";;;;;"";;"nessuno";"0,5695";"STIMA NON AFFIDABILE - DATI INSUFFICIENTI";"Mancano il prezzo richiesto nel file e una quotazione di mercato applicabile: non e possibile determinare un prezzo di rivendita realistico entro 12 mesi. L'OMI non pubblica quotazioni per questa destinazione (destinazione assente nel file): terreni, immobili 'Altro' e ricettivi non rientrano nelle quattro destinazioni OMI (Residenziale, Commerciale, Terziaria, Produttiva).";"";;;;"E1";"LUCREZIA - RESIDENZIALE";"2025-2";"";"";"";"";""
"107";"FAB III";"Fano";"PS";"via Caminate n. 88 B";"Residenziale";"334,65";"470000";;"493609";"SI";"267665";"realizzo-su-prezzo-richiesto";"0,5695";"MEDIA";"Prezzo di rivendita realistico entro 12 mesi. Base: il piu basso fra i prezzi ai quali l'immobile e gia offerto senza essersi venduto (asking price del file 470.000 EUR), cioe 470.000 EUR. Su questo si applica il coefficiente di realizzo del 57%, misurato sulle 9 righe del file che indicano sia l'asking price sia il prezzo a cui l'immobile si vende (intervallo osservato 33%-85%, mediana 59%). Risultato: 267.665 EUR.";"BLOCCO DI PLAUSIBILITA': il valore teorico di mercato (493.609 EUR) supera il prezzo a cui l'immobile e gia offerto senza essersi venduto (470.000 EUR). Non viene usato: servirebbero comparabili recenti, realmente simili, a prezzi superiori. La stima e ricondotta al valore prudenziale.";"1475";"1200";"1750";"R1";"PIANEGGIANTE-COLLINARE CON PICCOLI INSEDIAMENTI";"2025-2";"Abitazioni civili";"NORMALE";"Agenzia delle Entrate - Osservatorio del Mercato Immobiliare (OMI) - 2025 - semestre 2";"https://www1.agenziaentrate.gov.it/servizi/geopoi_omi/stampaomi.php?D488/PS00001228/20252/R/R1/0/0";"2025-2"
"108";"FAB III";"Montemaggiore al Metauro";"PS";"via Canaletta 10-10b";"Residenziale";"687";"530000";;"755700";"SI";"301835";"realizzo-su-prezzo-richiesto";"0,5695";"MEDIA";"Prezzo di rivendita realistico entro 12 mesi. Base: il piu basso fra i prezzi ai quali l'immobile e gia offerto senza essersi venduto (asking price del file 530.000 EUR), cioe 530.000 EUR. Su questo si applica il coefficiente di realizzo del 57%, misurato sulle 9 righe del file che indicano sia l'asking price sia il prezzo a cui l'immobile si vende (intervallo osservato 33%-85%, mediana 59%). Risultato: 301.835 EUR.";"BLOCCO DI PLAUSIBILITA': il valore teorico di mercato (755.700 EUR) supera il prezzo a cui l'immobile e gia offerto senza essersi venduto (530.000 EUR). Non viene usato: servirebbero comparabili recenti, realmente simili, a prezzi superiori. La stima e ricondotta al valore prudenziale.";"1100";"900";"1300";"E4";"MONTEMAGGIORE";"2025-2";"Abitazioni civili";"NORMALE";"Agenzia delle Entrate - Osservatorio del Mercato Immobiliare (OMI) - 2025 - semestre 2";"https://www1.agenziaentrate.gov.it/servizi/geopoi_omi/stampaomi.php?M380/PS00001966/20252/R/E4/0/0";"2025-2"
"109";"FAB III";"Novafeltria";"RN";"via XXIV Maggio n. 58";"Commerciale";"135";"70000";"70000";"70000";"";"39865";"realizzo-su-prezzo-richiesto";"0,5695";"ALTA";"Prezzo di rivendita realistico entro 12 mesi. Base: il piu basso fra i prezzi ai quali l'immobile e gia offerto senza essersi venduto (asking price del file 70.000 EUR ; prezzo dell'annuncio pubblico 70.000 EUR), cioe 70.000 EUR. Su questo si applica il coefficiente di realizzo del 57%, misurato sulle 9 righe del file che indicano sia l'asking price sia il prezzo a cui l'immobile si vende (intervallo osservato 33%-85%, mediana 59%). Risultato: 39.865 EUR. Il valore teorico di mercato (70.000 EUR) e superiore a questa stima e non e stato usato.";"Il valore e un prezzo RICHIESTO, non un prezzo di vendita concluso: il realizzo effettivo sara di norma inferiore per effetto della trattativa. | Superficie annuncio 96 mq contro 135 mq del file: stesso indirizzo e stesso venditore.";"518,52";;;"B1";"ZONA CENTRALE ED AREE LIMITROFE LUNGO LA SS. 258";"2025-2";"";"";"Immobiliare.it - annuncio di vendita dello stesso immobile, pubblicato da iQera Italia SPA";"https://www.immobiliare.it/annunci/132089390/";"2026-09-09"
"110";"FAB III";"Valle Salimbene";"PV";"Via IV Novembre";"Logistico/Produttivo";"2363";"280000";"320000";"320000";"SI";"159460";"realizzo-su-prezzo-richiesto";"0,5695";"ALTA";"Prezzo di rivendita realistico entro 12 mesi. Base: il piu basso fra i prezzi ai quali l'immobile e gia offerto senza essersi venduto (asking price del file 280.000 EUR ; prezzo dell'annuncio pubblico 320.000 EUR), cioe 280.000 EUR. Su questo si applica il coefficiente di realizzo del 57%, misurato sulle 9 righe del file che indicano sia l'asking price sia il prezzo a cui l'immobile si vende (intervallo osservato 33%-85%, mediana 59%). Risultato: 159.460 EUR.";"BLOCCO DI PLAUSIBILITA': il valore teorico di mercato (320.000 EUR) supera il prezzo a cui l'immobile e gia offerto senza essersi venduto (280.000 EUR). Non viene usato: servirebbero comparabili recenti, realmente simili, a prezzi superiori. La stima e ricondotta al valore prudenziale. | Sul mercato l'immobile e offerto a 320.000 EUR, cioe il 114% dell'asking price del file, e non risulta venduto. | Il valore e un prezzo RICHIESTO, non un prezzo di vendita concluso: il realizzo effettivo sara di norma inferiore per effetto della trattativa.";"135,42";;;"E1";"FRAZ. SAN LEONARDO";"2025-2";"";"";"Immobiliare.it - annuncio di vendita dello stesso immobile, pubblicato da iQera Italia SPA";"https://www.immobiliare.it/annunci/97355908/";"2026-09-09"
"111";"FAB III";"Vigevano";"PV";"VIA Ceresio";"Logistico/Produttivo";"1754";"250000";;"482350";"SI";"142375";"realizzo-su-prezzo-richiesto";"0,5695";"BASSA";"Prezzo di rivendita realistico entro 12 mesi. Base: il piu basso fra i prezzi ai quali l'immobile e gia offerto senza essersi venduto (asking price del file 250.000 EUR), cioe 250.000 EUR. Su questo si applica il coefficiente di realizzo del 57%, misurato sulle 9 righe del file che indicano sia l'asking price sia il prezzo a cui l'immobile si vende (intervallo osservato 33%-85%, mediana 59%). Risultato: 142.375 EUR.";"BLOCCO DI PLAUSIBILITA': il valore teorico di mercato (482.350 EUR) supera il prezzo a cui l'immobile e gia offerto senza essersi venduto (250.000 EUR). Non viene usato: servirebbero comparabili recenti, realmente simili, a prezzi superiori. La stima e ricondotta al valore prudenziale. | Immobile locato: lo stato occupazionale allunga i tempi e riduce il prezzo realizzabile. | Immobile locato: lo stato occupazionale riduce il prezzo realizzabile e allunga i tempi; la quotazione OMI si riferisce a immobile libero. | Il prezzo richiesto implica 143 EUR/mq, pari al 57% del minimo OMI di zona: verificare la superficie commerciale e lo stato dell'immobile.";"275";"250";"300";"R1";"ZONA  AGRICOLA PIANEGGIANTE (R.A. N.5) - INTERO TERRITORIO COMUNALE";"2025-2";"Capannoni industriali";"NORMALE";"Agenzia delle Entrate - Osservatorio del Mercato Immobiliare (OMI) - 2025 - semestre 2";"https://www1.agenziaentrate.gov.it/servizi/geopoi_omi/stampaomi.php?L872/PV00001364/20252/P/R1/0/0";"2025-2"
"112";"FAB III";"Lugo";"RA";"via Stradone Bentivoglio n. 47";"Residenziale";"2162,0499999999997";"100000";"105000";"105000";"SI";"56950";"realizzo-su-prezzo-richiesto";"0,5695";"ALTA";"Prezzo di rivendita realistico entro 12 mesi. Base: il piu basso fra i prezzi ai quali l'immobile e gia offerto senza essersi venduto (asking price del file 100.000 EUR ; prezzo dell'annuncio pubblico 105.000 EUR), cioe 100.000 EUR. Su questo si applica il coefficiente di realizzo del 57%, misurato sulle 9 righe del file che indicano sia l'asking price sia il prezzo a cui l'immobile si vende (intervallo osservato 33%-85%, mediana 59%). Risultato: 56.950 EUR.";"BLOCCO DI PLAUSIBILITA': il valore teorico di mercato (105.000 EUR) supera il prezzo a cui l'immobile e gia offerto senza essersi venduto (100.000 EUR). Non viene usato: servirebbero comparabili recenti, realmente simili, a prezzi superiori. La stima e ricondotta al valore prudenziale. | Sul mercato l'immobile e offerto a 105.000 EUR, cioe il 105% dell'asking price del file, e non risulta venduto. | Il valore e un prezzo RICHIESTO, non un prezzo di vendita concluso: il realizzo effettivo sara di norma inferiore per effetto della trattativa. | Annuncio: edificio residenziale di 270 mq su un piano (sei locali, cucina, servizio) piu magazzino, con terreno agricolo incolto della stessa proprieta. I 2.162 mq del file comprendono il terreno.";"48,57";;;"R1";"ZONA RURALE E FRAZIONI MINORI";"2025-2";"";"";"Immobiliare.it - annuncio di vendita dello stesso immobile, pubblicato da iQera Italia SPA";"https://www.immobiliare.it/annunci/97465232/";"2026-09-09"
"113";"FAB III";"Ravenna";"RA";"via Scolo Formella";"Residenziale";"5473";"580000";;;"";"330310";"realizzo-su-prezzo-richiesto";"0,5695";"BASSA";"Prezzo di rivendita realistico entro 12 mesi. Base: il piu basso fra i prezzi ai quali l'immobile e gia offerto senza essersi venduto (asking price del file 580.000 EUR), cioe 580.000 EUR. Su questo si applica il coefficiente di realizzo del 57%, misurato sulle 9 righe del file che indicano sia l'asking price sia il prezzo a cui l'immobile si vende (intervallo osservato 33%-85%, mediana 59%). Risultato: 330.310 EUR.";"Immobile di grandi dimensioni (5473 mq dichiarati): la platea di acquirenti e ristretta e 12 mesi possono non bastare. | La superficie del file non e compatibile con un fabbricato: nessuna stima per metro quadro e utilizzabile, la valutazione poggia solo sul prezzo richiesto. | Superficie molto elevata (5473 mq): probabile lotto cumulativo di piu unita, la quotazione unitaria di zona puo non essere rappresentativa. | Serve la superficie commerciale reale, oppure una stima da comparabili sull immobile specifico.";"1350";"1100";"1600";"R1";"ZONA RURALE E FRAZIONI MINORI";"2025-2";"Abitazioni civili";"NORMALE";"Agenzia delle Entrate - Osservatorio del Mercato Immobiliare (OMI) - 2025 - semestre 2";"https://www1.agenziaentrate.gov.it/servizi/geopoi_omi/stampaomi.php?H199/RA00000870/20252/R/R1/0/0";"2025-2"
"114";"FAB III";"Novellara";"RE";"via Vittorio Marchi 11";"Residenziale";"227,7";"130000";;"267548";"SI";"74035";"realizzo-su-prezzo-richiesto";"0,5695";"BASSA";"Prezzo di rivendita realistico entro 12 mesi. Base: il piu basso fra i prezzi ai quali l'immobile e gia offerto senza essersi venduto (asking price del file 130.000 EUR), cioe 130.000 EUR. Su questo si applica il coefficiente di realizzo del 57%, misurato sulle 9 righe del file che indicano sia l'asking price sia il prezzo a cui l'immobile si vende (intervallo osservato 33%-85%, mediana 59%). Risultato: 74.035 EUR.";"BLOCCO DI PLAUSIBILITA': il valore teorico di mercato (267.548 EUR) supera il prezzo a cui l'immobile e gia offerto senza essersi venduto (130.000 EUR). Non viene usato: servirebbero comparabili recenti, realmente simili, a prezzi superiori. La stima e ricondotta al valore prudenziale. | Il prezzo richiesto implica 571 EUR/mq, pari al 57% del minimo OMI di zona: verificare la superficie commerciale e lo stato dell'immobile.";"1175";"1000";"1350";"B2";"CAPOLUOGO - CENTRO URBANO";"2025-2";"Abitazioni civili";"NORMALE";"Agenzia delle Entrate - Osservatorio del Mercato Immobiliare (OMI) - 2025 - semestre 2";"https://www1.agenziaentrate.gov.it/servizi/geopoi_omi/stampaomi.php?F960/RE00009660/20252/R/B2/0/0";"2025-2"
"115";"FAB III";"Rio Saliceto";"RE";"VIA XXV APRILE N. 5";"Uffici";"176";"75000";;"60000";"";"60000";"file";"0,5695";"DATO DA FILE";"Prezzo di vendita gia indicato nella colonna Â«a quanto si vende info 09/2026Â» del file: usato invariato, non ricalcolato. Corrisponde al 80% dell'asking price del file (75000 EUR).";"Valore teorico di mercato per confronto: 60.000 EUR.";"340,91";;;"B2";"CENTRO URBANO";"2025-2";"";"";"Colonna ""a quanto si vende info 09/2026"" del file Excel";"https://www1.agenziaentrate.gov.it/servizi/geopoi_omi/stampaomi.php?H298/RE00009540/20252/T/B2/0/0";"2026-09"
"116";"FAB III";"Roma";"RM";"Via di Tor Cervara, 191";"Logistico/Produttivo";"11180";"1950000";;"6763900";"SI";"1110525";"realizzo-su-prezzo-richiesto";"0,5695";"BASSA";"Prezzo di rivendita realistico entro 12 mesi. Base: il piu basso fra i prezzi ai quali l'immobile e gia offerto senza essersi venduto (asking price del file 1.950.000 EUR), cioe 1.950.000 EUR. Su questo si applica il coefficiente di realizzo del 57%, misurato sulle 9 righe del file che indicano sia l'asking price sia il prezzo a cui l'immobile si vende (intervallo osservato 33%-85%, mediana 59%). Risultato: 1.110.525 EUR.";"BLOCCO DI PLAUSIBILITA': il valore teorico di mercato (6.763.900 EUR) supera il prezzo a cui l'immobile e gia offerto senza essersi venduto (1.950.000 EUR). Non viene usato: servirebbero comparabili recenti, realmente simili, a prezzi superiori. La stima e ricondotta al valore prudenziale. | Immobile di grandi dimensioni (11180 mq dichiarati): la platea di acquirenti e ristretta e 12 mesi possono non bastare. | Superficie molto elevata (11180 mq): probabile lotto cumulativo di piu unita, la quotazione unitaria di zona puo non essere rappresentativa. | Il prezzo richiesto implica 174 EUR/mq, pari al 36% del minimo OMI di zona: verificare la superficie commerciale e lo stato dell'immobile.";"605";"480";"730";"E9";"TOR CERVARA-PONTE MAMMOLO (VIA VANNINA)";"2025-2";"Capannoni industriali";"NORMALE";"Agenzia delle Entrate - Osservatorio del Mercato Immobiliare (OMI) - 2025 - semestre 2";"https://www1.agenziaentrate.gov.it/servizi/geopoi_omi/stampaomi.php?H501/RM00000113/20252/P/E9/0/0";"2025-2"
"117";"FAB III";"Saludecio";"RN";"via Montefavale n.8/a";"Residenziale";"154";"100000";;"188650";"SI";"56950";"realizzo-su-prezzo-richiesto";"0,5695";"MEDIA";"Prezzo di rivendita realistico entro 12 mesi. Base: il piu basso fra i prezzi ai quali l'immobile e gia offerto senza essersi venduto (asking price del file 100.000 EUR), cioe 100.000 EUR. Su questo si applica il coefficiente di realizzo del 57%, misurato sulle 9 righe del file che indicano sia l'asking price sia il prezzo a cui l'immobile si vende (intervallo osservato 33%-85%, mediana 59%). Risultato: 56.950 EUR.";"BLOCCO DI PLAUSIBILITA': il valore teorico di mercato (188.650 EUR) supera il prezzo a cui l'immobile e gia offerto senza essersi venduto (100.000 EUR). Non viene usato: servirebbero comparabili recenti, realmente simili, a prezzi superiori. La stima e ricondotta al valore prudenziale.";"1225";"1000";"1450";"B1";"CAPOLUOGO";"2025-2";"Abitazioni civili";"NORMALE";"Agenzia delle Entrate - Osservatorio del Mercato Immobiliare (OMI) - 2025 - semestre 2";"https://www1.agenziaentrate.gov.it/servizi/geopoi_omi/stampaomi.php?H724/RN00000633/20252/R/B1/0/0";"2025-2"
"118";"FAB III";"Saludecio";"RN";"via Montefavale n.8/a";"Residenziale";"70";"60000";;"85750";"SI";"34170";"realizzo-su-prezzo-richiesto";"0,5695";"MEDIA";"Prezzo di rivendita realistico entro 12 mesi. Base: il piu basso fra i prezzi ai quali l'immobile e gia offerto senza essersi venduto (asking price del file 60.000 EUR), cioe 60.000 EUR. Su questo si applica il coefficiente di realizzo del 57%, misurato sulle 9 righe del file che indicano sia l'asking price sia il prezzo a cui l'immobile si vende (intervallo osservato 33%-85%, mediana 59%). Risultato: 34.170 EUR.";"BLOCCO DI PLAUSIBILITA': il valore teorico di mercato (85.750 EUR) supera il prezzo a cui l'immobile e gia offerto senza essersi venduto (60.000 EUR). Non viene usato: servirebbero comparabili recenti, realmente simili, a prezzi superiori. La stima e ricondotta al valore prudenziale.";"1225";"1000";"1450";"B1";"CAPOLUOGO";"2025-2";"Abitazioni civili";"NORMALE";"Agenzia delle Entrate - Osservatorio del Mercato Immobiliare (OMI) - 2025 - semestre 2";"https://www1.agenziaentrate.gov.it/servizi/geopoi_omi/stampaomi.php?H724/RN00000633/20252/R/B1/0/0";"2025-2"
"119";"FAB III";"Sant'Agata Feltria";"RN";"via delle Pieve n. 22";"Residenziale";"754";"220000";;"644670";"SI";"125290";"realizzo-su-prezzo-richiesto";"0,5695";"BASSA";"Prezzo di rivendita realistico entro 12 mesi. Base: il piu basso fra i prezzi ai quali l'immobile e gia offerto senza essersi venduto (asking price del file 220.000 EUR), cioe 220.000 EUR. Su questo si applica il coefficiente di realizzo del 57%, misurato sulle 9 righe del file che indicano sia l'asking price sia il prezzo a cui l'immobile si vende (intervallo osservato 33%-85%, mediana 59%). Risultato: 125.290 EUR.";"BLOCCO DI PLAUSIBILITA': il valore teorico di mercato (644.670 EUR) supera il prezzo a cui l'immobile e gia offerto senza essersi venduto (220.000 EUR). Non viene usato: servirebbero comparabili recenti, realmente simili, a prezzi superiori. La stima e ricondotta al valore prudenziale. | Il prezzo richiesto implica 292 EUR/mq, pari al 40% del minimo OMI di zona: verificare la superficie commerciale e lo stato dell'immobile.";"855";"730";"980";"B1";"CENTRO STORICO";"2025-2";"Abitazioni civili";"NORMALE";"Agenzia delle Entrate - Osservatorio del Mercato Immobiliare (OMI) - 2025 - semestre 2";"https://www1.agenziaentrate.gov.it/servizi/geopoi_omi/stampaomi.php?I201/RN00001560/20252/R/B1/0/0";"2025-2"
"120";"FAB III";"Teglio";"SO";"Località Palazzetta";"Residenziale";"1822";"950000";;"1548700";"SI";"541025";"realizzo-su-prezzo-richiesto";"0,5695";"MEDIA";"Prezzo di rivendita realistico entro 12 mesi. Base: il piu basso fra i prezzi ai quali l'immobile e gia offerto senza essersi venduto (asking price del file 950.000 EUR), cioe 950.000 EUR. Su questo si applica il coefficiente di realizzo del 57%, misurato sulle 9 righe del file che indicano sia l'asking price sia il prezzo a cui l'immobile si vende (intervallo osservato 33%-85%, mediana 59%). Risultato: 541.025 EUR.";"BLOCCO DI PLAUSIBILITA': il valore teorico di mercato (1.548.700 EUR) supera il prezzo a cui l'immobile e gia offerto senza essersi venduto (950.000 EUR). Non viene usato: servirebbero comparabili recenti, realmente simili, a prezzi superiori. La stima e ricondotta al valore prudenziale.";"850";"750";"950";"R4";"LOCALITA` CARONA, CAPRINALE, FOPPA, BONDONE, PRADACCIO, S.ABBONDIO, MASONI, PRAGIANELLO, PRATI POZZO";"2025-2";"Abitazioni civili";"NORMALE";"Agenzia delle Entrate - Osservatorio del Mercato Immobiliare (OMI) - 2025 - semestre 2";"https://www1.agenziaentrate.gov.it/servizi/geopoi_omi/stampaomi.php?L084/SO00003379/20252/R/R4/0/0";"2025-2"
"121";"FAB III";"Castel Viscardo";"TR";"via Giosuè Carducci n. 6";"Residenziale";"86";"65000";;"68800";"SI";"37018";"realizzo-su-prezzo-richiesto";"0,5695";"MEDIA";"Prezzo di rivendita realistico entro 12 mesi. Base: il piu basso fra i prezzi ai quali l'immobile e gia offerto senza essersi venduto (asking price del file 65.000 EUR), cioe 65.000 EUR. Su questo si applica il coefficiente di realizzo del 57%, misurato sulle 9 righe del file che indicano sia l'asking price sia il prezzo a cui l'immobile si vende (intervallo osservato 33%-85%, mediana 59%). Risultato: 37.018 EUR.";"BLOCCO DI PLAUSIBILITA': il valore teorico di mercato (68.800 EUR) supera il prezzo a cui l'immobile e gia offerto senza essersi venduto (65.000 EUR). Non viene usato: servirebbero comparabili recenti, realmente simili, a prezzi superiori. La stima e ricondotta al valore prudenziale.";"800";"600";"1000";"E3";"MONTERUBIAGLIO";"2025-2";"Abitazioni civili";"NORMALE";"Agenzia delle Entrate - Osservatorio del Mercato Immobiliare (OMI) - 2025 - semestre 2";"https://www1.agenziaentrate.gov.it/servizi/geopoi_omi/stampaomi.php?C289/TR00001574/20252/R/E3/0/0";"2025-2"
"122";"FAB III";"Terni";"TR";"Via Galvani / Via Ferraris";"Commerciale";"750";"1100000";;"731250";"";"626450";"realizzo-su-prezzo-richiesto";"0,5695";"ALTA";"Prezzo di rivendita realistico entro 12 mesi. Base: il piu basso fra i prezzi ai quali l'immobile e gia offerto senza essersi venduto (asking price del file 1.100.000 EUR), cioe 1.100.000 EUR. Su questo si applica il coefficiente di realizzo del 57%, misurato sulle 9 righe del file che indicano sia l'asking price sia il prezzo a cui l'immobile si vende (intervallo osservato 33%-85%, mediana 59%). Risultato: 626.450 EUR. Il valore teorico di mercato (731.250 EUR) e superiore a questa stima e non e stato usato.";"Immobile locato: lo stato occupazionale allunga i tempi e riduce il prezzo realizzabile. | Immobile locato: lo stato occupazionale riduce il prezzo realizzabile e allunga i tempi; la quotazione OMI si riferisce a immobile libero.";"975";"650";"1300";"B6";"SAN MARTINO - CONFINI : V.LE STADIO, V.LE BORZACCHINI, FERROVIA, P.DANTE, V.DENTATO, V.BRIN, V.RINASCITA, V.GIANNELLI, V.CASSERO";"2025-2";"Negozi";"NORMALE";"Agenzia delle Entrate - Osservatorio del Mercato Immobiliare (OMI) - 2025 - semestre 2";"https://www1.agenziaentrate.gov.it/servizi/geopoi_omi/stampaomi.php?L117/TR00001534/20252/C/B6/0/0";"2025-2"
"123";"FAB III";"Castions di Strada";"UD";"Via Napoleonica 9";"Logistico/Produttivo";"4750";"2200000";;"712500";"";"712500";"mercato";"0,5695";"ALTA";"Prezzo di rivendita realistico entro 12 mesi. Il valore di mercato (712.500 EUR) e gia inferiore al valore prudenziale ricavato dal prezzo richiesto (57% di 2.200.000 EUR = 1.252.900 EUR): si adotta il piu basso dei due. Nessun annuncio dell'immobile stesso. Stima da 2 comparabili reali nello stesso comune e nella stessa categoria: mediana 150 EUR/mq x 4750 mq.";"Valore costruito su prezzi RICHIESTI negli annunci, non su compravendite concluse. | Il capannone del file non risulta pubblicato. Comparabili nello stesso comune e nella stessa categoria.";"150";;;"R1";"RESTO DEL TERRITORIO COMUNALE";"2025-2";"";"";"Immobiliare.it - annunci di vendita nello stesso comune e nella stessa categoria";"https://www1.agenziaentrate.gov.it/servizi/geopoi_omi/stampaomi.php?C327/UD00002939/20252/P/R1/0/0";"2026-09-09"
"124";"FAB III";"Cividale del Friuli";"UD";"Via Monte Nero 5";"Commerciale";"290";"290000";;"120000";"";"120000";"file";"0,5695";"DATO DA FILE";"Prezzo di vendita gia indicato nella colonna Â«a quanto si vende info 09/2026Â» del file: usato invariato, non ricalcolato. Corrisponde al 41% dell'asking price del file (290000 EUR).";"Valore teorico di mercato per confronto: 120.000 EUR.";"413,79";;;"B1";"ZONA CENTRALE";"2025-2";"";"";"Colonna ""a quanto si vende info 09/2026"" del file Excel";"https://www1.agenziaentrate.gov.it/servizi/geopoi_omi/stampaomi.php?C758/UD00000216/20252/C/B1/0/0";"2026-09"
"125";"FAB III";"Latisana";"UD";"Via Casasola 5";"Altro";"440";"115000";;;"";"65492";"realizzo-su-prezzo-richiesto";"0,5695";"BASSA";"Prezzo di rivendita realistico entro 12 mesi. Base: il piu basso fra i prezzi ai quali l'immobile e gia offerto senza essersi venduto (asking price del file 115.000 EUR), cioe 115.000 EUR. Su questo si applica il coefficiente di realizzo del 57%, misurato sulle 9 righe del file che indicano sia l'asking price sia il prezzo a cui l'immobile si vende (intervallo osservato 33%-85%, mediana 59%). Risultato: 65.492 EUR.";"Serve una stima da comparabili di mercato o da fonte specifica per la tipologia.";;;;"D1";"FR.LATISANOTTA, FR.GORGO, FR.PERTEGADA";"2025-2";"";"";"";"";""
"126";"FAB III";"Udine";"UD";"Viale Ungheria 5";"Uffici";"218";"170000";;"80000";"";"80000";"file";"0,5695";"DATO DA FILE";"Prezzo di vendita gia indicato nella colonna Â«a quanto si vende info 09/2026Â» del file: usato invariato, non ricalcolato. Corrisponde al 47% dell'asking price del file (170000 EUR).";"Valore teorico di mercato per confronto: 80.000 EUR.";"366,97";;;"B5";"V.GORGHI, P.ZZA I MAGGIO, V.LE DELLA VITTORIA, V. ANTONINI, V. COSATTINI, V. DEL GELSO";"2025-2";"";"";"Colonna ""a quanto si vende info 09/2026"" del file Excel";"https://www1.agenziaentrate.gov.it/servizi/geopoi_omi/stampaomi.php?L483/UD00009925/20252/T/B5/0/0";"2026-09"
"127";"FAB III";"Agra";"VA";"Vicolo Piazzetta 3";"Residenziale";"556";"30000";;;"";"17085";"realizzo-su-prezzo-richiesto";"0,5695";"BASSA";"Prezzo di rivendita realistico entro 12 mesi. Base: il piu basso fra i prezzi ai quali l'immobile e gia offerto senza essersi venduto (asking price del file 30.000 EUR), cioe 30.000 EUR. Su questo si applica il coefficiente di realizzo del 57%, misurato sulle 9 righe del file che indicano sia l'asking price sia il prezzo a cui l'immobile si vende (intervallo osservato 33%-85%, mediana 59%). Risultato: 17.085 EUR.";"La superficie del file non e compatibile con un fabbricato: nessuna stima per metro quadro e utilizzabile, la valutazione poggia solo sul prezzo richiesto. | Serve la superficie commerciale reale, oppure una stima da comparabili sull immobile specifico.";"1100";"950";"1250";"B1";"CENTRALE UNICA";"2025-2";"Abitazioni civili";"NORMALE";"Agenzia delle Entrate - Osservatorio del Mercato Immobiliare (OMI) - 2025 - semestre 2";"https://www1.agenziaentrate.gov.it/servizi/geopoi_omi/stampaomi.php?A085/VA00000092/20252/R/B1/0/0";"2025-2"
"128";"FAB III";"Fagnano Olona";"VA";"VIA SILVIO PELLICO";"Logistico/Produttivo";"2410";"325000";;"964000";"SI";"185088";"realizzo-su-prezzo-richiesto";"0,5695";"BASSA";"Prezzo di rivendita realistico entro 12 mesi. Base: il piu basso fra i prezzi ai quali l'immobile e gia offerto senza essersi venduto (asking price del file 325.000 EUR), cioe 325.000 EUR. Su questo si applica il coefficiente di realizzo del 57%, misurato sulle 9 righe del file che indicano sia l'asking price sia il prezzo a cui l'immobile si vende (intervallo osservato 33%-85%, mediana 59%). Risultato: 185.088 EUR.";"BLOCCO DI PLAUSIBILITA': il valore teorico di mercato (964.000 EUR) supera il prezzo a cui l'immobile e gia offerto senza essersi venduto (325.000 EUR). Non viene usato: servirebbero comparabili recenti, realmente simili, a prezzi superiori. La stima e ricondotta al valore prudenziale. | Il prezzo richiesto implica 135 EUR/mq, pari al 45% del minimo OMI di zona: verificare la superficie commerciale e lo stato dell'immobile.";"400";"300";"500";"D1";"COMPRENDE LOCALITA BALZARINE, BERGORO, FORNACI.";"2025-2";"Capannoni industriali";"NORMALE";"Agenzia delle Entrate - Osservatorio del Mercato Immobiliare (OMI) - 2025 - semestre 2";"https://www1.agenziaentrate.gov.it/servizi/geopoi_omi/stampaomi.php?D467/VA00000434/20252/P/D1/0/0";"2025-2"
"129";"FAB III";"Travedona-Monate";"VA";"Via C. Battisti";"Residenziale";"1726";"380000";;;"";"216410";"realizzo-su-prezzo-richiesto";"0,5695";"BASSA";"Prezzo di rivendita realistico entro 12 mesi. Base: il piu basso fra i prezzi ai quali l'immobile e gia offerto senza essersi venduto (asking price del file 380.000 EUR), cioe 380.000 EUR. Su questo si applica il coefficiente di realizzo del 57%, misurato sulle 9 righe del file che indicano sia l'asking price sia il prezzo a cui l'immobile si vende (intervallo osservato 33%-85%, mediana 59%). Risultato: 216.410 EUR.";"Zona rurale/periferica senza quotazione pubblicata per questa destinazione.";;;;"R1";"ZONA RURALE APPARTENENTE ALLA REGIONE AGRARIA N. 3: COLLINE DEL VERBANO ORIENTAL";"2025-2";"";"";"";"https://www1.agenziaentrate.gov.it/servizi/geopoi_omi/stampaomi.php?L342/VA00001557/20252/R/R1/0/0";""
